Topic_Year,Citation_feature,Topic_num,Five_Year_Percent,Three_Year_Percent,Sum_SJR,Avg_SJR,Year,Topic,Growth_Rate,Citation_Growth_Rate,Year_Growth_Rate,Target,Avg_SJR_1,Avg_SJR_2,Avg_SJR_3,Sum_SJR_1,Sum_SJR_2,Sum_SJR_3,Review_AMT
0_1996,0.006167641325536063,25.0,0.33858267716535434,0.46236559139784944,0.0,0.0,1996,0,,,,,,,,,,,3.0
0_1997,0.002142022984440223,43.0,0.23448275862068965,0.3333333333333333,0.0,0.0,1997,0,0.72,-0.6526998132054886,0.1802721088435375,0.5397278911564625,0.0,,,0.0,,,1.0
0_1998,0.003411393210579361,34.0,0.22560975609756098,0.32456140350877194,0.0,0.0,1998,0,-0.2093023255813954,0.5926034572737622,0.0835734870317002,-0.2928758126130956,0.0,0.0,,0.0,0.0,,4.0
0_1999,0.003359766952581324,37.0,0.22346368715083798,0.36036036036036034,37.14000000000001,0.9285000000000002,1999,0,0.08823529411764697,-0.015133482073521831,0.1914893617021276,-0.10325406758448064,0.0,0.0,0.0,0.0,0.0,0.0,2.0
0_2000,0.0018646599900403917,40.0,0.20618556701030927,0.3418803418803419,45.009,1.125225,2000,0,0.08108108108108114,-0.44500317541138823,0.1004464285714286,-0.019365347490347462,0.9285000000000002,0.0,0.0,37.14000000000001,0.0,0.0,1.0
0_2001,0.003454582145649925,40.0,0.2669902912621359,0.4074074074074074,62.804,1.141890909090909,2001,0,0.0,0.8526606266567092,0.08924949290060846,-0.08924949290060846,1.125225,0.9285000000000002,0.0,45.009,37.14000000000001,0.0,3.0
0_2002,0.0022724022724022724,55.0,0.2979591836734694,0.43452380952380953,77.112,1.0563287671232875,2002,0,,,,,,,,,,,7.0
0_2003,0.0009729786104760547,73.0,0.2490974729241877,0.350253807106599,70.384,1.0200579710144928,2003,0,0.3272727272727274,-0.5718281827594419,0.21805792163543436,0.10921480563729302,1.0563287671232875,,,77.112,,,2.0
0_2004,0.0014468922456788989,69.0,0.24522292993630573,0.3515981735159817,62.657,0.8137272727272726,2004,0,-0.0547945205479452,0.4870750806854529,0.16083916083916083,-0.21563368138710604,1.0200579710144928,1.0563287671232875,,70.384,77.112,,4.0
0_2005,0.001028609072087333,77.0,0.2594594594594595,0.39669421487603307,94.64599999999999,0.9858958333333332,2005,0,0.11594202898550732,-0.2890907563025209,0.17349397590361448,-0.057551946918107166,0.8137272727272726,1.0200579710144928,1.0563287671232875,62.657,70.384,77.112,5.0
0_2006,0.0007244171636345336,96.0,0.20253164556962025,0.31620553359683795,78.86000000000001,0.9857500000000001,2006,0,0.24675324675324672,-0.29573131008412135,0.3613963039014374,-0.11464305714819067,0.9858958333333332,0.8137272727272726,1.0200579710144928,94.64599999999999,62.657,70.384,13.0
0_2007,0.0013570595374156071,80.0,0.32916666666666666,0.47305389221556887,183.86799999999997,1.1637215189873416,2007,0,-0.16666666666666663,0.8733122371189974,-0.13650075414781293,-0.0301659125188537,0.9857500000000001,0.9858958333333332,0.8137272727272726,78.86000000000001,94.64599999999999,62.657,13.0
0_2008,0.0005271409520602153,158.0,0.25,0.36533333333333334,163.01700000000002,1.1899051094890514,2008,0,0.9750000000000001,-0.6115565032142172,0.46113537117903936,0.5138646288209607,1.1637215189873416,0.9857500000000001,0.9858958333333332,183.86799999999997,78.86000000000001,94.64599999999999,14.0
0_2009,0.0007280509144411931,137.0,0.2686335403726708,0.3696581196581197,249.00899999999993,1.4393583815028899,2009,0,-0.13291139240506333,0.3811313873372293,0.10579796772265393,-0.23870936012771726,1.1899051094890514,1.1637215189873416,0.9857500000000001,163.01700000000002,183.86799999999997,78.86000000000001,10.0
0_2010,0.0005254116926004248,173.0,0.2584573748308525,0.3812375249500998,292.363,1.530696335078534,2010,0,0.2627737226277371,-0.2783311136918243,0.09297297297297291,0.16980074965476422,1.4393583815028899,1.1899051094890514,1.1637215189873416,249.00899999999993,163.01700000000002,183.86799999999997,13.0
0_2011,0.0004567201768845911,191.0,0.23638470451911936,0.3591549295774648,329.78699999999986,1.61660294117647,2011,0,0.10404624277456653,-0.1307384603031161,0.185459940652819,-0.08141369787825248,1.530696335078534,1.4393583815028899,1.1899051094890514,292.363,249.00899999999993,163.01700000000002,17.0
0_2012,0.00032956946523504156,204.0,0.24274973147153597,0.3639291465378422,291.4280000000001,1.2895044247787615,2012,0,0.0680628272251309,-0.27839959363494315,0.052148518982060965,0.01591430824306994,1.61660294117647,1.530696335078534,1.4393583815028899,329.78699999999986,292.363,249.00899999999993,20.0
0_2013,0.00028836969848034666,226.0,0.224609375,0.3484848484848485,301.7979999999997,1.3121652173913032,2013,0,0.10784313725490202,-0.1250108735811194,0.12093576526566219,-0.013092628010760166,1.2895044247787615,1.61660294117647,1.530696335078534,291.4280000000001,329.78699999999986,292.363,13.0
0_2014,0.0003938356833628851,230.0,0.24288256227758007,0.37448559670781895,396.35299999999955,1.4518424908424892,2014,0,0.017699115044247815,0.36573185545611775,0.11602405376724434,-0.09832493872299652,1.3121652173913032,1.2895044247787615,1.61660294117647,301.7979999999997,291.4280000000001,329.78699999999986,27.0
0_2015,0.0002165038348415705,273.0,0.21398483572030327,0.33553500660501984,295.5239999999999,1.1634803149606294,2015,0,0.18695652173913047,-0.4502686171225344,0.12107765451664032,0.06587886722249015,1.4518424908424892,1.3121652173913032,1.2895044247787615,396.35299999999955,301.7979999999997,291.4280000000001,26.0
0_2016,0.0002488549279421431,254.0,0.21860095389507153,0.3428927680798005,372.78699999999975,1.35558909090909,2016,0,-0.06959706959706957,0.14942503500802173,0.037319762510602095,-0.10691683210767167,1.1634803149606294,1.4518424908424892,1.3121652173913032,295.5239999999999,396.35299999999955,301.7979999999997,34.0
0_2017,0.00020203672043410392,275.0,0.19626168224299065,0.322663252240717,364.37299999999993,1.445924603174603,2017,0,0.08267716535433078,-0.18813454045372202,0.07331698010357046,0.009360185250760322,1.35558909090909,1.1634803149606294,1.4518424908424892,372.78699999999975,295.5239999999999,396.35299999999955,22.0
0_2018,0.0002426742326129215,252.0,0.21343283582089553,0.35178351783517836,0.0,0.0,2018,0,-0.08363636363636362,0.20113923890420637,0.06500761808024369,-0.1486439817166073,1.445924603174603,1.35558909090909,1.1634803149606294,364.37299999999993,372.78699999999975,295.5239999999999,39.0
1_1996,0.0026207494043751353,27.0,0.23529411764705882,0.3389830508474576,0.0,0.0,1996,1,-0.8928571428571429,9.799454792365088,,,0.0,1.445924603174603,1.35558909090909,0.0,364.37299999999993,372.78699999999975,3.0
1_1997,0.004484069752196145,20.0,0.3185840707964602,0.43373493975903615,0.0,0.0,1997,1,-0.2592592592592593,0.7109876070983143,0.1802721088435375,-0.4395313681027968,0.0,0.0,1.445924603174603,0.0,0.0,364.37299999999993,2.0
1_1998,0.0021749865180073938,36.0,0.21487603305785125,0.3170731707317073,0.0,0.0,1998,1,0.8,-0.514952568045544,0.0835734870317002,0.7164265129682998,0.0,0.0,0.0,0.0,0.0,0.0,2.0
1_1999,0.0014265973547410672,26.0,0.23776223776223776,0.3541666666666667,19.351999999999997,0.5691764705882352,1999,1,-0.2777777777777778,-0.3440891044933744,0.1914893617021276,-0.4692671394799054,0.0,0.0,0.0,0.0,0.0,0.0,1.0
1_2000,0.003572114398794432,34.0,0.2611464968152866,0.40594059405940597,30.654,0.7476585365853659,2000,1,0.3076923076923077,1.5039401530663739,0.1004464285714286,0.2072458791208791,0.5691764705882352,0.0,0.0,19.351999999999997,0.0,0.0,5.0
1_2001,0.0006927683231376621,41.0,0.17964071856287425,0.2857142857142857,31.912000000000003,1.0637333333333334,2001,1,0.2058823529411764,-0.8060621117365481,0.08924949290060846,0.11663286004056794,0.7476585365853659,0.5691764705882352,0.0,30.654,19.351999999999997,0.0,0.0
1_2002,0.0025256549066072875,30.0,0.28804347826086957,0.4274193548387097,38.51400000000001,0.7266792452830191,2002,1,,,,,,,,,,,1.0
1_2003,0.0007658960770760264,53.0,0.2882882882882883,0.43537414965986393,47.73800000000001,0.7459062500000001,2003,1,0.7666666666666666,-0.696753473694134,0.21805792163543436,0.5486087450312322,0.7266792452830191,,,38.51400000000001,,,2.0
1_2004,0.0005807741999602464,64.0,0.2627450980392157,0.3641304347826087,48.10299999999999,0.7179552238805968,2004,1,0.2075471698113207,-0.2417062610145787,0.16083916083916083,0.046708008972159876,0.7459062500000001,0.7266792452830191,,47.73800000000001,38.51400000000001,,4.0
1_2005,0.0004713750090129064,67.0,0.2569444444444444,0.36097560975609755,55.87800000000001,0.7551081081081082,2005,1,0.046875,-0.188367856138975,0.17349397590361448,-0.12661897590361448,0.7179552238805968,0.7459062500000001,0.7266792452830191,48.10299999999999,47.73800000000001,38.51400000000001,1.0
1_2006,0.0006133464180569186,74.0,0.21580547112462006,0.33490566037735847,53.28500000000001,0.7504929577464791,2006,1,0.10447761194029859,0.3011856936185706,0.3613963039014374,-0.2569186919611388,0.7551081081081082,0.7179552238805968,0.7459062500000001,55.87800000000001,48.10299999999999,47.73800000000001,2.0
1_2007,0.0009502408045615542,71.0,0.2793733681462141,0.4246031746031746,108.04699999999995,1.0097850467289715,2007,1,-0.04054054054054057,0.5492726077571579,-0.13650075414781293,0.09596021360727236,0.7504929577464791,0.7551081081081082,0.7179552238805968,53.28500000000001,55.87800000000001,48.10299999999999,11.0
1_2008,0.00042361941007964876,107.0,0.24764150943396226,0.3710247349823322,105.63200000000002,1.0060190476190478,2008,1,0.5070422535211268,-0.5541978327534474,0.46113537117903936,0.045906882342087396,1.0097850467289715,0.7504929577464791,0.7551081081081082,108.04699999999995,53.28500000000001,55.87800000000001,6.0
1_2009,0.0003396250288982822,105.0,0.2546972860125261,0.3652694610778443,124.16799999999994,1.0177704918032782,2009,1,-0.01869158878504673,-0.19827793340624777,0.10579796772265393,-0.12448955650770066,1.0060190476190478,1.0097850467289715,0.7504929577464791,105.63200000000002,108.04699999999995,53.28500000000001,6.0
1_2010,0.00034414430784779327,122.0,0.2387218045112782,0.3587570621468927,123.91200000000003,0.975685039370079,2010,1,0.161904761904762,0.013306672256079954,0.09297297297297291,0.06893178893178908,1.0177704918032782,1.0060190476190478,1.0097850467289715,124.16799999999994,105.63200000000002,108.04699999999995,8.0
1_2011,0.00041479266602393,127.0,0.2239057239057239,0.3481675392670157,163.503,1.229345864661654,2011,1,0.040983606557376984,0.20528701642039882,0.185459940652819,-0.14447633409544203,0.975685039370079,1.0177704918032782,1.0060190476190478,123.91200000000003,124.16799999999994,105.63200000000002,10.0
1_2012,0.00037127199016267874,133.0,0.2378716744913928,0.36893203883495146,203.10100000000006,1.3361907894736846,2012,1,0.04724409448818889,-0.10492151724481191,0.052148518982060965,-0.004904424493872073,1.229345864661654,0.975685039370079,1.0177704918032782,163.503,123.91200000000003,124.16799999999994,10.0
1_2013,0.00031649430512366154,152.0,0.2644628099173554,0.4025157232704403,185.07499999999987,0.963932291666666,2013,1,0.1428571428571428,-0.14754058073439769,0.12093576526566219,0.021921377591480606,1.3361907894736846,1.229345864661654,0.975685039370079,203.10100000000006,163.503,123.91200000000003,11.0
1_2014,0.00026023719274063863,192.0,0.23737373737373738,0.3533834586466165,186.70899999999992,0.9931329787234038,2014,1,0.26315789473684204,-0.17775078878920736,0.11602405376724434,0.1471338409695977,0.963932291666666,1.3361907894736846,1.229345864661654,185.07499999999987,203.10100000000006,163.503,18.0
1_2015,0.00020718832832026753,188.0,0.22674418604651161,0.3391304347826087,212.91199999999998,1.0918564102564101,2015,1,-0.02083333333333337,-0.2038481274013797,0.12107765451664032,-0.1419109878499737,0.9931329787234038,0.963932291666666,1.3361907894736846,186.70899999999992,185.07499999999987,203.10100000000006,16.0
1_2016,0.00021649793090346668,195.0,0.2165948275862069,0.3441780821917808,241.90599999999995,1.203512437810945,2016,1,0.037234042553191404,0.04493304549862742,0.037319762510602095,-8.571995741069038e-05,1.0918564102564101,0.9931329787234038,0.963932291666666,212.91199999999998,186.70899999999992,185.07499999999987,12.0
1_2017,0.00018163475346082345,201.0,0.2,0.3288135593220339,231.01200000000006,1.1907835051546394,2017,1,0.03076923076923066,-0.16103238168215206,0.07331698010357046,-0.0425477493343398,1.203512437810945,1.0918564102564101,0.9931329787234038,241.90599999999995,212.91199999999998,186.70899999999992,21.0
1_2018,0.00024310513324592354,194.0,0.2101522842639594,0.3438538205980066,0.0,0.0,2018,1,-0.03482587064676612,0.33842851444373245,0.06500761808024369,-0.09983348872700981,1.1907835051546394,1.203512437810945,1.0918564102564101,231.01200000000006,241.90599999999995,212.91199999999998,24.0
2_1996,0.004106562703053931,15.0,0.22972972972972974,0.34,0.0,0.0,1996,2,-0.9226804123711341,15.89212666233485,,,0.0,1.1907835051546394,1.203512437810945,0.0,231.01200000000006,241.90599999999995,1.0
2_1997,0.0022212110227597007,17.0,0.2682926829268293,0.4074074074074074,0.0,0.0,1997,2,0.1333333333333333,-0.4591069993627881,0.1802721088435375,-0.0469387755102042,0.0,0.0,1.1907835051546394,0.0,0.0,231.01200000000006,0.0
2_1998,0.003585648898788481,22.0,0.28,0.417910447761194,0.0,0.0,1998,2,0.2941176470588236,0.6142765644722765,0.0835734870317002,0.2105441600271234,0.0,0.0,0.0,0.0,0.0,0.0,2.0
2_1999,0.0014762312110472933,28.0,0.2743362831858407,0.38271604938271603,20.445000000000004,0.6595161290322582,1999,2,0.2727272727272727,-0.5882945450832952,0.1914893617021276,0.0812379110251451,0.0,0.0,0.0,0.0,0.0,0.0,0.0
2_2000,0.0013895259904723317,31.0,0.24031007751937986,0.34444444444444444,18.211,0.5874516129032258,2000,2,0.1071428571428572,-0.058734173838154824,0.1004464285714286,0.006696428571428603,0.6595161290322582,0.0,0.0,20.445000000000004,0.0,0.0,3.0
2_2001,0.0014736360729185399,31.0,0.3128834355828221,0.45132743362831856,32.956,0.6461960784313726,2001,2,0.0,0.06053149277014769,0.08924949290060846,-0.08924949290060846,0.5874516129032258,0.6595161290322582,0.0,18.211,20.445000000000004,0.0,0.0
2_2002,0.000819547038034433,51.0,0.2914572864321608,0.4142857142857143,40.81599999999999,0.7037241379310343,2002,2,,,,,,,,,,,1.0
2_2003,0.0010312855783777039,58.0,0.28451882845188287,0.384180790960452,42.785999999999994,0.6292058823529411,2003,2,0.13725490196078427,0.2583604485364204,0.21805792163543436,-0.08080301967465009,0.7037241379310343,,,40.81599999999999,,,0.0
2_2004,0.0008256297585982949,68.0,0.27526132404181186,0.3853658536585366,40.757,0.5159113924050632,2004,2,0.17241379310344818,-0.1994169453071596,0.16083916083916083,0.011574632264287343,0.6292058823529411,0.7037241379310343,,42.785999999999994,40.81599999999999,,2.0
2_2005,0.0006171650461688986,79.0,0.2727272727272727,0.3950617283950617,55.59299999999999,0.5790937499999999,2005,2,0.16176470588235303,-0.2524917619046524,0.17349397590361448,-0.011729270021261451,0.5159113924050632,0.6292058823529411,0.7037241379310343,40.757,42.785999999999994,40.81599999999999,6.0
2_2006,0.0006852966709443648,96.0,0.25679012345679014,0.3727598566308244,37.25,0.3581730769230769,2006,2,0.21518987341772156,0.11039449689900405,0.3613963039014374,-0.14620643048371584,0.5790937499999999,0.5159113924050632,0.6292058823529411,55.59299999999999,40.757,42.785999999999994,1.0
2_2007,0.0005446047984135198,104.0,0.3004032258064516,0.4269340974212034,107.20699999999998,0.7195100671140938,2007,2,0.08333333333333326,-0.20530067997698898,-0.13650075414781293,0.2198340874811462,0.3581730769230769,0.5790937499999999,0.5159113924050632,37.25,55.59299999999999,40.757,5.0
2_2008,0.0004719608707984534,149.0,0.26837606837606837,0.3829268292682927,111.65200000000003,0.71115923566879,2008,2,0.4326923076923077,-0.1333883355906602,0.46113537117903936,-0.028443063486731646,0.7195100671140938,0.3581730769230769,0.5790937499999999,107.20699999999998,37.25,55.59299999999999,7.0
2_2009,0.0003247310707133146,157.0,0.22153846153846155,0.32,105.07999999999998,0.7297222222222222,2009,2,0.05369127516778516,-0.31195340375582103,0.10579796772265393,-0.05210669255486877,0.71115923566879,0.7195100671140938,0.3581730769230769,111.65200000000003,107.20699999999998,37.25,5.0
2_2010,0.0005240790545011971,144.0,0.2720105124835742,0.4074803149606299,139.2150000000001,0.6725362318840584,2010,2,-0.08280254777070062,0.6138863871263947,0.09297297297297291,-0.17577552074367353,0.7297222222222222,0.71115923566879,0.7195100671140938,105.07999999999998,111.65200000000003,107.20699999999998,4.0
2_2011,0.00027907634723989814,207.0,0.22248520710059172,0.34879406307977734,119.69199999999998,0.636659574468085,2011,2,0.4375,-0.46749188916638784,0.185459940652819,0.252040059347181,0.6725362318840584,0.7297222222222222,0.71115923566879,139.2150000000001,105.07999999999998,111.65200000000003,4.0
2_2012,0.0004798997216654271,188.0,0.2795031055900621,0.40601503759398494,179.0530000000001,0.6631592592592597,2012,2,-0.09178743961352653,0.7196001252406325,0.052148518982060965,-0.1439359585955875,0.636659574468085,0.6725362318840584,0.7297222222222222,119.69199999999998,139.2150000000001,105.07999999999998,15.0
2_2013,0.00021722299026065206,270.0,0.2543778801843318,0.3760217983651226,175.83499999999998,0.6370833333333332,2013,2,0.43617021276595747,-0.5473575406403466,0.12093576526566219,0.3152344475002953,0.6631592592592597,0.636659574468085,0.6725362318840584,179.0530000000001,119.69199999999998,139.2150000000001,9.0
2_2014,0.00029508363308532415,276.0,0.25079617834394907,0.36585365853658536,220.12500000000003,0.6988095238095239,2014,2,0.022222222222222143,0.3584364745704167,0.11602405376724434,-0.0938018315450222,0.6370833333333332,0.6631592592592597,0.636659574468085,175.83499999999998,179.0530000000001,119.69199999999998,13.0
2_2015,0.000232090520472038,315.0,0.22411242603550297,0.3389261744966443,234.71500000000023,0.7746369636963704,2015,2,0.14130434782608692,-0.21347545424544612,0.12107765451664032,0.020226693309446597,0.6988095238095239,0.6370833333333332,0.6631592592592597,220.12500000000003,175.83499999999998,179.0530000000001,8.0
2_2016,0.00021906852738814108,303.0,0.22192513368983957,0.3494736842105263,215.10000000000014,0.6478915662650606,2016,2,-0.03809523809523807,-0.056107388864534924,0.037319762510602095,-0.07541500060584017,0.7746369636963704,0.6988095238095239,0.6370833333333332,234.71500000000023,220.12500000000003,175.83499999999998,19.0
2_2017,0.00022510319282034106,332.0,0.22601010101010102,0.3605236656596173,249.7650000000001,0.6976675977653634,2017,2,0.09570957095709565,0.02754693019644905,0.07331698010357046,0.022392590853525185,0.6478915662650606,0.7746369636963704,0.6988095238095239,215.10000000000014,234.71500000000023,220.12500000000003,15.0
2_2018,0.00021692945577054311,358.0,0.21723518850987433,0.34472934472934474,0.0,0.0,2018,2,0.07831325301204828,-0.03631106670406736,0.06500761808024369,0.013305634931804589,0.6976675977653634,0.6478915662650606,0.7746369636963704,249.7650000000001,215.10000000000014,234.71500000000023,22.0
3_1996,0.006847603338831409,13.0,0.3333333333333333,0.4146341463414634,0.0,0.0,1996,3,-0.9636871508379888,30.56603751440032,,,0.0,0.6976675977653634,0.6478915662650606,0.0,249.7650000000001,215.10000000000014,3.0
3_1997,0.005599302786540078,17.0,0.34782608695652173,0.4444444444444444,0.0,0.0,1997,3,0.3076923076923077,-0.18229743904885143,0.1802721088435375,0.1274201988487702,0.0,0.0,0.6976675977653634,0.0,0.0,249.7650000000001,1.0
3_1998,0.0024754887628403795,24.0,0.2441860465116279,0.3387096774193548,0.0,0.0,1998,3,0.41176470588235303,-0.5578933918717345,0.0835734870317002,0.32819121885065283,0.0,0.0,0.0,0.0,0.0,0.0,2.0
3_1999,0.0031626542832701946,21.0,0.24242424242424243,0.34782608695652173,30.473000000000006,1.2697083333333337,1999,3,-0.125,0.2775878164929986,0.1914893617021276,-0.3164893617021276,0.0,0.0,0.0,0.0,0.0,0.0,1.0
3_2000,0.002280104760323872,24.0,0.22522522522522523,0.35714285714285715,17.328,0.69312,2000,3,0.1428571428571428,-0.2790534291448902,0.1004464285714286,0.04241071428571419,1.2697083333333337,0.0,0.0,30.473000000000006,0.0,0.0,2.0
3_2001,0.004444668667860656,25.0,0.27692307692307694,0.4235294117647059,37.470000000000006,1.0408333333333335,2001,3,0.04166666666666674,0.9493265156945352,0.08924949290060846,-0.04758282623394172,0.69312,1.2697083333333337,0.0,17.328,30.473000000000006,0.0,7.0
3_2002,0.0028009869279710547,36.0,0.2638888888888889,0.3838383838383838,40.309000000000005,1.060763157894737,2002,3,,,,,,,,,,,7.0
3_2003,0.0026566727764685345,38.0,0.33513513513513515,0.45588235294117646,69.57799999999999,1.1222258064516126,2003,3,0.05555555555555558,-0.05152260799983699,0.21805792163543436,-0.16250236607987878,1.060763157894737,,,40.309000000000005,,,5.0
3_2004,0.001516987638518021,62.0,0.34285714285714286,0.45652173913043476,65.08,0.7747619047619048,2004,3,0.631578947368421,-0.4289896550471962,0.16083916083916083,0.4707397865292602,1.1222258064516126,1.060763157894737,,69.57799999999999,40.309000000000005,,10.0
3_2005,0.0010153554175293307,84.0,0.34718100890207715,0.4448669201520912,135.11000000000007,1.1547863247863255,2005,3,0.35483870967741926,-0.3306765383261435,0.17349397590361448,0.18134473377380478,0.7747619047619048,1.1222258064516126,1.060763157894737,65.08,69.57799999999999,40.309000000000005,8.0
3_2006,0.0009087688939730912,117.0,0.2379746835443038,0.31864406779661014,79.647,0.8473085106382979,2006,3,0.3928571428571428,-0.10497459482276361,0.3613963039014374,0.031460838955705395,1.1547863247863255,0.7747619047619048,1.1222258064516126,135.11000000000007,65.08,69.57799999999999,12.0
3_2007,0.0009552670297876351,94.0,0.28024193548387094,0.39714285714285713,146.94399999999996,1.0571510791366903,2007,3,-0.19658119658119655,0.05116607327002187,-0.13650075414781293,-0.06008044243338362,0.8473085106382979,1.1547863247863255,0.7747619047619048,79.647,135.11000000000007,65.08,17.0
3_2008,0.000742532978916265,139.0,0.28618421052631576,0.4275184275184275,194.47499999999997,1.1176724137931033,2008,3,0.47872340425531923,-0.22269589992932448,0.46113537117903936,0.017588033076279874,1.0571510791366903,0.8473085106382979,1.1547863247863255,146.94399999999996,79.647,135.11000000000007,16.0
3_2009,0.0006623642249674919,174.0,0.2681564245810056,0.3801980198019802,277.23999999999984,1.4439583333333326,2009,3,0.2517985611510791,-0.10796659034024347,0.10579796772265393,0.1460005934284252,1.1176724137931033,1.0571510791366903,0.8473085106382979,194.47499999999997,146.94399999999996,79.647,19.0
3_2010,0.0006485960337249522,192.0,0.2834928229665072,0.39303482587064675,368.431,1.554561181434599,2010,3,0.10344827586206895,-0.02078643550414494,0.09297297297297291,0.010475302889096039,1.4439583333333326,1.1176724137931033,1.0571510791366903,277.23999999999984,194.47499999999997,146.94399999999996,33.0
3_2011,0.000485561880239667,237.0,0.2689655172413793,0.3888888888888889,355.7820000000001,1.3032307692307696,2011,3,0.234375,-0.2513647093229412,0.185459940652819,0.04891505934718099,1.554561181434599,1.4439583333333326,1.1176724137931033,368.431,277.23999999999984,194.47499999999997,19.0
3_2012,0.0004607712266606665,273.0,0.25446808510638297,0.3695920889987639,433.80600000000015,1.4508561872909704,2012,3,0.1518987341772151,-0.05105560091900985,0.052148518982060965,0.09975021519515415,1.3032307692307696,1.554561181434599,1.4439583333333326,355.7820000000001,368.431,277.23999999999984,26.0
3_2013,0.00049608417159431,299.0,0.26288659793814434,0.38428417653390745,473.2249999999997,1.325560224089635,2013,3,0.09523809523809534,0.07663878057136064,0.12093576526566219,-0.025697670027566843,1.4508561872909704,1.3032307692307696,1.554561181434599,433.80600000000015,355.7820000000001,368.431,30.0
3_2014,0.0003676717143573937,357.0,0.25921219822109276,0.38345864661654133,570.1379999999994,1.3973970588235278,2014,3,0.19397993311036799,-0.2588521557223359,0.11602405376724434,0.07795587934312365,1.325560224089635,1.4508561872909704,1.3032307692307696,473.2249999999997,433.80600000000015,355.7820000000001,45.0
3_2015,0.0003356274304055305,408.0,0.25598219254312743,0.37551020408163266,579.2799999999999,1.2593043478260866,2015,3,0.1428571428571428,-0.08715460749508364,0.12107765451664032,0.021779488340502473,1.3973970588235278,1.325560224089635,1.4508561872909704,570.1379999999994,473.2249999999997,433.80600000000015,59.0
3_2016,0.00031093525719142243,460.0,0.24329692154915591,0.36082474226804123,592.6149999999998,1.2094183673469383,2016,3,0.12745098039215685,-0.07357018818239358,0.037319762510602095,0.09013121788155476,1.2593043478260866,1.3973970588235278,1.325560224089635,579.2799999999999,570.1379999999994,473.2249999999997,53.0
3_2017,0.00025823084753116295,490.0,0.21725239616613418,0.3338008415147265,637.8800000000001,1.3400840336134456,2017,3,0.0652173913043479,-0.1695028416408012,0.07331698010357046,-0.008099588799222568,1.2094183673469383,1.2593043478260866,1.3973970588235278,592.6149999999998,579.2799999999999,570.1379999999994,69.0
3_2018,0.00028006800896746063,476.0,0.21523320496362858,0.3424098025867937,0.0,0.0,2018,3,-0.02857142857142858,0.08456449585738368,0.06500761808024369,-0.09357904665167227,1.3400840336134456,1.2094183673469383,1.2593043478260866,637.8800000000001,592.6149999999998,579.2799999999999,68.0
4_1996,0.002714050082471135,26.0,0.25806451612903225,0.3595505617977528,0.0,0.0,1996,4,-0.9453781512605042,8.690682247062583,,,0.0,1.3400840336134456,1.2094183673469383,0.0,637.8800000000001,592.6149999999998,0.0
4_1997,0.0005859118919627639,32.0,0.16030534351145037,0.26582278481012656,0.0,0.0,1997,4,0.23076923076923084,-0.7841189830110677,0.1802721088435375,0.05049712192569333,0.0,0.0,1.3400840336134456,0.0,0.0,637.8800000000001,0.0
4_1998,0.0014883562921689348,21.0,0.2198581560283688,0.36904761904761907,0.0,0.0,1998,4,-0.34375,1.5402390915518804,0.0835734870317002,-0.4273234870317002,0.0,0.0,0.0,0.0,0.0,0.0,2.0
4_1999,0.0014503711471067083,31.0,0.25675675675675674,0.4222222222222222,24.973000000000003,0.6571842105263158,1999,4,0.4761904761904763,-0.02552154028043374,0.1914893617021276,0.28470111448834867,0.0,0.0,0.0,0.0,0.0,0.0,1.0
4_2000,0.0012398547411521111,38.0,0.2694610778443114,0.39473684210526316,28.95,0.6433333333333333,2000,4,0.22580645161290325,-0.14514657601576575,0.1004464285714286,0.12536002304147464,0.6571842105263158,0.0,0.0,24.973000000000003,0.0,0.0,1.0
4_2001,0.0007298472197697786,45.0,0.23728813559322035,0.336,23.597,0.5618333333333334,2001,4,0.18421052631578938,-0.4113445748559367,0.08924949290060846,0.09496103341518092,0.6433333333333333,0.6571842105263158,0.0,28.95,24.973000000000003,0.0,4.0
4_2002,0.0019971380515598205,42.0,0.2571428571428571,0.3829787234042553,46.85399999999999,0.8676666666666665,2002,4,,,,,,,,,,,4.0
4_2003,0.0011321060243116628,54.0,0.21145374449339208,0.3333333333333333,62.81999999999999,1.3087499999999999,2003,4,0.2857142857142858,-0.433135819816033,0.21805792163543436,0.06765636407885145,0.8676666666666665,,,46.85399999999999,,,5.0
4_2004,0.000840245026291538,48.0,0.22540983606557377,0.3503184713375796,43.191,0.7852909090909092,2004,4,-0.11111111111111116,-0.25780359061120683,0.16083916083916083,-0.271950271950272,1.3087499999999999,0.8676666666666665,,62.81999999999999,46.85399999999999,,1.0
4_2005,0.000502635046113307,55.0,0.26296296296296295,0.40804597701149425,42.871,0.6038169014084508,2005,4,0.14583333333333326,-0.4017994389901822,0.17349397590361448,-0.027660642570281224,0.7852909090909092,1.3087499999999999,0.8676666666666665,43.191,62.81999999999999,46.85399999999999,0.0
4_2006,0.0005560653116251673,71.0,0.19148936170212766,0.3,49.29800000000001,0.9129259259259261,2006,4,0.290909090909091,0.1063003185412894,0.3613963039014374,-0.07048721299234639,0.6038169014084508,0.7852909090909092,1.3087499999999999,42.871,43.191,62.81999999999999,2.0
4_2007,0.0007189560452748114,54.0,0.2897196261682243,0.42660550458715596,71.56700000000001,0.7695376344086022,2007,4,-0.23943661971830987,0.2929345352861097,-0.13650075414781293,-0.10293586557049694,0.9129259259259261,0.6038169014084508,0.7852909090909092,49.29800000000001,42.871,43.191,6.0
4_2008,0.000540108830637247,93.0,0.2561307901907357,0.3900414937759336,68.464,0.7283404255319149,2008,4,0.7222222222222223,-0.2487595949891519,0.46113537117903936,0.26108685104318297,0.7695376344086022,0.9129259259259261,0.6038169014084508,71.56700000000001,49.29800000000001,42.871,4.0
4_2009,0.0003201911424879644,94.0,0.27102803738317754,0.38283828382838286,104.806,0.9035,2009,4,0.010752688172043001,-0.40717291715044335,0.10579796772265393,-0.09504527955061093,0.7283404255319149,0.7695376344086022,0.9129259259259261,68.464,71.56700000000001,49.29800000000001,5.0
4_2010,0.0004605973817568519,116.0,0.26239669421487605,0.3768545994065282,139.44800000000004,1.0980157480314963,2010,4,0.23404255319148937,0.4385075682540631,0.09297297297297291,0.14106958021851645,0.9035,0.7283404255319149,0.7695376344086022,104.806,68.464,71.56700000000001,13.0
4_2011,0.0002667544296991168,127.0,0.21818181818181817,0.3305785123966942,119.771,0.9980916666666667,2011,4,0.09482758620689657,-0.42085118095626584,0.185459940652819,-0.09063235444592244,1.0980157480314963,0.9035,0.7283404255319149,139.44800000000004,104.806,68.464,5.0
4_2012,0.0002902648581458564,120.0,0.2188034188034188,0.3413333333333333,152.58600000000004,1.1920781250000003,2012,4,-0.055118110236220486,0.0881351004114832,0.052148518982060965,-0.10726662921828145,0.9980916666666667,1.0980157480314963,0.9035,119.771,139.44800000000004,104.806,17.0
4_2013,0.00036656379606485036,128.0,0.2279874213836478,0.36895674300254455,138.198,0.9530896551724138,2013,4,0.06666666666666665,0.2628597151111356,0.12093576526566219,-0.054269098598995535,1.1920781250000003,0.9980916666666667,1.0980157480314963,152.58600000000004,119.771,139.44800000000004,15.0
4_2014,0.00026874915402395286,145.0,0.2341678939617084,0.3680555555555556,142.14899999999997,0.8940188679245281,2014,4,0.1328125,-0.2668420697596461,0.11602405376724434,0.01678844623275566,0.9530896551724138,1.1920781250000003,0.9980916666666667,138.198,152.58600000000004,119.771,19.0
4_2015,0.00023735385272182058,159.0,0.2530446549391069,0.38085539714867617,166.99300000000005,0.893010695187166,2015,4,0.096551724137931,-0.11682009350375144,0.12107765451664032,-0.024525930378709315,0.8940188679245281,0.9530896551724138,1.1920781250000003,142.14899999999997,138.198,152.58600000000004,21.0
4_2016,0.00014452618895528373,187.0,0.20742637644046094,0.3188976377952756,148.28399999999996,0.9153333333333331,2016,4,0.17610062893081757,-0.3910939835273335,0.037319762510602095,0.13878086642021548,0.893010695187166,0.8940188679245281,0.9530896551724138,166.99300000000005,142.14899999999997,138.198,16.0
4_2017,0.0002786105811453317,162.0,0.23446658851113716,0.36429872495446264,212.77799999999996,1.0638899999999998,2017,4,-0.1336898395721925,0.927751524891683,0.07331698010357046,-0.20700681967576295,0.9153333333333331,0.893010695187166,0.8940188679245281,148.28399999999996,166.99300000000005,142.14899999999997,29.0
4_2018,0.0001642823455431536,200.0,0.2236842105263158,0.36042402826855124,0.0,0.0,2018,4,0.23456790123456783,-0.4103513769369048,0.06500761808024369,0.16956028315432414,1.0638899999999998,0.9153333333333331,0.893010695187166,212.77799999999996,148.28399999999996,166.99300000000005,26.0
5_1996,0.003732943469785575,20.0,0.2727272727272727,0.421875,0.0,0.0,1996,5,-0.9,21.722730537134968,,,0.0,1.0638899999999998,0.9153333333333331,0.0,212.77799999999996,148.28399999999996,1.0
5_1997,0.004144632373293708,27.0,0.21296296296296297,0.32857142857142857,0.0,0.0,1997,5,0.3500000000000001,0.11028533028703524,0.1802721088435375,0.16972789115646258,0.0,0.0,1.0638899999999998,0.0,0.0,212.77799999999996,2.0
5_1998,0.0029301617245876795,23.0,0.35074626865671643,0.4845360824742268,0.0,0.0,1998,5,-0.14814814814814814,-0.293022526323824,0.0835734870317002,-0.23172163517984834,0.0,0.0,0.0,0.0,0.0,0.0,4.0
5_1999,0.0015252170431174126,47.0,0.2777777777777778,0.391304347826087,33.26500000000001,0.7392222222222224,1999,5,1.0434782608695654,-0.47947683900210836,0.1914893617021276,0.8519888991674378,0.0,0.0,0.0,0.0,0.0,0.0,2.0
5_2000,0.003335853974928838,45.0,0.25263157894736843,0.34285714285714286,36.641999999999996,0.7633749999999999,2000,5,-0.04255319148936165,1.1871339492185577,0.1004464285714286,-0.14299962006079026,0.7392222222222224,0.0,0.0,33.26500000000001,0.0,0.0,3.0
5_2001,0.001793086631519646,48.0,0.2590909090909091,0.38,54.373000000000026,0.9539122807017548,2001,5,0.06666666666666665,-0.46248047876319376,0.08924949290060846,-0.02258282623394181,0.7633749999999999,0.7392222222222224,0.0,36.641999999999996,33.26500000000001,0.0,2.0
5_2002,0.0011486602965299708,57.0,0.2783882783882784,0.4198895027624309,74.20799999999997,0.9764210526315785,2002,5,,,,,,,,,,,0.0
5_2003,0.0013603235814547677,76.0,0.23389830508474577,0.3415841584158416,66.153,0.9587391304347826,2003,5,0.33333333333333326,0.1842696971108151,0.21805792163543436,0.1152754116978989,0.9764210526315785,,,74.20799999999997,,,3.0
5_2004,0.002149780713986983,69.0,0.2857142857142857,0.40816326530612246,87.67400000000002,0.8767400000000002,2004,5,-0.09210526315789469,0.5803451056019686,0.16083916083916083,-0.2529444239970555,0.9587391304347826,0.9764210526315785,,66.153,74.20799999999997,,10.0
5_2005,0.0015198067632850242,100.0,0.3303769401330377,0.46855345911949686,167.56699999999995,1.1246107382550332,2005,5,0.4492753623188406,-0.29304102813984645,0.17349397590361448,0.2757813864152261,0.8767400000000002,0.9587391304347826,0.9764210526315785,87.67400000000002,66.153,74.20799999999997,12.0
5_2006,0.0006388682153183474,149.0,0.2151394422310757,0.3025210084033613,94.789,0.8776759259259259,2006,5,0.49,-0.5796385232965737,0.3613963039014374,0.1286036960985626,1.1246107382550332,0.8767400000000002,0.9587391304347826,167.56699999999995,87.67400000000002,66.153,6.0
5_2007,0.0008350363536469509,108.0,0.2947019867549669,0.4091954022988506,212.23799999999997,1.1923483146067415,2007,5,-0.2751677852348994,0.3070557176347444,-0.13650075414781293,-0.13866703108708645,0.8776759259259259,1.1246107382550332,0.8767400000000002,94.789,167.56699999999995,87.67400000000002,14.0
5_2008,0.0005223921808327571,178.0,0.23462088698140202,0.36444444444444446,206.02000000000007,1.2562195121951223,2008,5,0.6481481481481481,-0.37440785835101276,0.46113537117903936,0.18701277696910878,1.1923483146067415,0.8776759259259259,1.1246107382550332,212.23799999999997,94.789,167.56699999999995,18.0
5_2009,0.0006240882466686271,164.0,0.25404732254047324,0.37362637362637363,229.45599999999996,1.12478431372549,2009,5,-0.0786516853932584,0.19467379024271403,0.10579796772265393,-0.18444965311591233,1.2562195121951223,1.1923483146067415,0.8776759259259259,206.02000000000007,212.23799999999997,94.789,14.0
5_2010,0.0005243503745070071,204.0,0.2773480662983425,0.40549273021001614,357.076,1.422613545816733,2010,5,0.24390243902439024,-0.15981373258352338,0.09297297297297291,0.15092946605141733,1.12478431372549,1.2562195121951223,1.1923483146067415,229.45599999999996,206.02000000000007,212.23799999999997,19.0
5_2011,0.00041064628306828547,251.0,0.23732057416267943,0.352773826458037,370.5480000000004,1.4941451612903243,2011,5,0.23039215686274517,-0.21684754501343873,0.185459940652819,0.04493221620992616,1.422613545816733,1.12478431372549,1.2562195121951223,357.076,229.45599999999996,206.02000000000007,26.0
5_2012,0.0004469638185680502,248.0,0.26338147833474934,0.3831891223733004,422.96799999999973,1.3644129032258057,2012,5,-0.01195219123505975,0.08843994697432955,0.052148518982060965,-0.06410071021712072,1.4941451612903243,1.422613545816733,1.12478431372549,370.5480000000004,357.076,229.45599999999996,28.0
5_2013,0.00038010019185194565,310.0,0.24962962962962962,0.376536312849162,528.4529999999995,1.568109792284865,2013,5,0.25,-0.1495951661821695,0.12093576526566219,0.1290642347343378,1.3644129032258057,1.4941451612903243,1.422613545816733,422.96799999999973,370.5480000000004,357.076,28.0
5_2014,0.00029919884951151455,337.0,0.23446893787575152,0.3517034068136273,534.9429999999995,1.5240541310541298,2014,5,0.08709677419354844,-0.21284215076624668,0.11602405376724434,-0.028927279573695897,1.568109792284865,1.3644129032258057,1.4941451612903243,528.4529999999995,422.96799999999973,370.5480000000004,26.0
5_2015,0.00029096177375657786,351.0,0.22270742358078602,0.3416267942583732,501.3019999999993,1.4042072829131633,2015,5,0.041543026706231556,-0.02753043926600962,0.12107765451664032,-0.07953462781040876,1.5240541310541298,1.568109792284865,1.3644129032258057,534.9429999999995,528.4529999999995,422.96799999999973,46.0
5_2016,0.0003614875273750608,357.0,0.23403052572074617,0.3689839572192513,609.4169999999995,1.4720217391304335,2016,5,0.017094017094017033,0.2423883821848214,0.037319762510602095,-0.02022574541658506,1.4042072829131633,1.5240541310541298,1.568109792284865,501.3019999999993,534.9429999999995,528.4529999999995,60.0
5_2017,0.000253099806052275,414.0,0.23452256033578175,0.3669950738916256,594.8160000000004,1.3306845637583902,2017,5,0.1596638655462186,-0.29983806664047985,0.07331698010357046,0.08634688544264812,1.4720217391304335,1.4042072829131633,1.5240541310541298,609.4169999999995,501.3019999999993,534.9429999999995,63.0
5_2018,0.0001962462109182529,447.0,0.2158920539730135,0.33410672853828305,0.0,0.0,2018,5,0.07971014492753614,-0.22462915330041622,0.06500761808024369,0.014702526847292452,1.3306845637583902,1.4720217391304335,1.4042072829131633,594.8160000000004,609.4169999999995,501.3019999999993,71.0
6_1996,0.002768031189083821,20.0,0.2857142857142857,0.37142857142857144,0.0,0.0,1996,6,-0.9552572706935123,13.104889853067556,,,0.0,1.3306845637583902,1.4720217391304335,0.0,594.8160000000004,609.4169999999995,2.0
6_1997,0.006709463343788766,26.0,0.2894736842105263,0.4177215189873418,0.0,0.0,1997,6,0.30000000000000004,1.423911757298336,0.1802721088435375,0.11972789115646254,0.0,0.0,1.3306845637583902,0.0,0.0,594.8160000000004,3.0
6_1998,0.004834911302369346,33.0,0.27972027972027974,0.40404040404040403,0.0,0.0,1998,6,0.26923076923076916,-0.27938926637922135,0.0835734870317002,0.18565728219906896,0.0,0.0,0.0,0.0,0.0,0.0,3.0
6_1999,0.0024439692044482464,40.0,0.2916666666666667,0.4016393442622951,34.96900000000001,0.71365306122449,1999,6,0.21212121212121215,-0.49451622757782954,0.1914893617021276,0.020631850419084552,0.0,0.0,0.0,0.0,0.0,0.0,3.0
6_2000,0.0018101192781655349,49.0,0.25252525252525254,0.3597122302158273,27.561000000000003,0.55122,2000,6,0.2250000000000001,-0.25935266497181997,0.1004464285714286,0.12455357142857149,0.71365306122449,0.0,0.0,34.96900000000001,0.0,0.0,2.0
6_2001,0.0009651136392301289,50.0,0.19626168224299065,0.2978723404255319,29.14100000000001,0.6938333333333335,2001,6,0.020408163265306145,-0.4668231807308173,0.08924949290060846,-0.06884132963530232,0.55122,0.71365306122449,0.0,27.561000000000003,34.96900000000001,0.0,0.0
6_2002,0.002821091256465406,42.0,0.21645021645021645,0.352112676056338,47.86499999999998,0.9572999999999996,2002,6,,,,,,,,,,,3.0
6_2003,0.0016097542590079903,50.0,0.2737642585551331,0.43902439024390244,56.952000000000005,0.791,2003,6,0.19047619047619047,-0.42938596710803356,0.21805792163543436,-0.027581731159243894,0.9572999999999996,,,47.86499999999998,,,4.0
6_2004,0.0007674639457585194,72.0,0.2646048109965636,0.3869346733668342,47.614,0.6183636363636363,2004,6,0.43999999999999995,-0.5232415497807297,0.16083916083916083,0.2791608391608391,0.791,0.9572999999999996,,56.952000000000005,47.86499999999998,,0.0
6_2005,0.0013198757763975154,77.0,0.33240997229916897,0.44609665427509293,106.66100000000003,0.8888416666666669,2005,6,0.06944444444444442,0.71978864113678,0.17349397590361448,-0.10404953145917006,0.6183636363636363,0.791,0.9572999999999996,47.614,56.952000000000005,47.86499999999998,7.0
6_2006,0.0005119083566090436,120.0,0.21621621621621623,0.3087719298245614,51.95399999999998,0.5903863636363634,2006,6,0.5584415584415585,-0.6121541392279717,0.3613963039014374,0.19704525454012112,0.8888416666666669,0.6183636363636363,0.791,106.66100000000003,47.614,56.952000000000005,5.0
6_2007,0.000820362668049157,88.0,0.2669404517453799,0.38461538461538464,94.63500000000003,0.7279615384615388,2007,6,-0.2666666666666667,0.6025576794318428,-0.13650075414781293,-0.1301659125188538,0.5903863636363634,0.8888416666666669,0.6183636363636363,51.95399999999998,106.66100000000003,47.614,11.0
6_2008,0.0006155362116283563,130.0,0.2942176870748299,0.4424552429667519,161.72100000000006,0.9348034682080928,2008,6,0.4772727272727273,-0.24967793440416197,0.46113537117903936,0.016137356093687938,0.7279615384615388,0.5903863636363634,0.8888416666666669,94.63500000000003,51.95399999999998,106.66100000000003,16.0
6_2009,0.00036589652076046475,173.0,0.23388305847076463,0.33986928104575165,132.85999999999999,0.8516666666666666,2009,6,0.3307692307692307,-0.4055645892992841,0.10579796772265393,0.22497126304657677,0.9348034682080928,0.7279615384615388,0.5903863636363634,161.72100000000006,94.63500000000003,51.95399999999998,12.0
6_2010,0.0005615195045841489,156.0,0.2877604166666667,0.4018181818181818,242.7380000000001,1.0983619909502267,2010,6,-0.09826589595375723,0.5346401857473504,0.09297297297297291,-0.19123886892673014,0.8516666666666666,0.9348034682080928,0.7279615384615388,132.85999999999999,161.72100000000006,94.63500000000003,19.0
6_2011,0.0003673129949308728,221.0,0.22107674684994272,0.3385964912280702,217.0849999999999,1.124792746113989,2011,6,0.41666666666666674,-0.34585888480775373,0.185459940652819,0.23120672601384773,1.0983619909502267,0.8516666666666666,0.9348034682080928,242.7380000000001,132.85999999999999,161.72100000000006,19.0
6_2012,0.00041580153407056537,193.0,0.2308488612836439,0.3500784929356358,241.8030000000001,1.0843183856502248,2012,6,-0.12669683257918551,0.1320087767349969,0.052148518982060965,-0.17884535156124648,1.124792746113989,1.0983619909502267,0.8516666666666666,217.0849999999999,242.7380000000001,132.85999999999999,18.0
6_2013,0.000354556346499113,223.0,0.2504725897920605,0.3891336270190896,259.3449999999998,0.9786603773584898,2013,6,0.15544041450777213,-0.14729427997025735,0.12093576526566219,0.03450464924210994,1.0843183856502248,1.124792746113989,1.0983619909502267,241.8030000000001,217.0849999999999,242.7380000000001,26.0
6_2014,0.00025537534861816327,265.0,0.22707797772065125,0.351925630810093,268.6999999999999,1.013962264150943,2014,6,0.188340807174888,-0.2797326824361268,0.11602405376724434,0.07231675340764365,0.9786603773584898,1.0843183856502248,1.124792746113989,259.3449999999998,241.8030000000001,217.0849999999999,29.0
6_2015,0.0002427699809047346,265.0,0.22459016393442624,0.3407960199004975,261.91700000000026,0.9559014598540155,2015,6,0.0,-0.04936015861216181,0.12107765451664032,-0.12107765451664032,1.013962264150943,0.9786603773584898,1.0843183856502248,268.6999999999999,259.3449999999998,241.8030000000001,32.0
6_2016,0.00024599599637902057,274.0,0.22955738934733683,0.3621301775147929,362.78699999999986,1.1855784313725486,2016,6,0.03396226415094339,0.013288362351323357,0.037319762510602095,-0.003357498359658706,0.9559014598540155,1.013962264150943,0.9786603773584898,261.91700000000026,268.6999999999999,259.3449999999998,31.0
6_2017,0.00022926586824427238,306.0,0.22214435879467415,0.3534002229654404,376.76899999999966,1.18854574132492,2017,6,0.11678832116788329,-0.06800975780504614,0.07331698010357046,0.04347134106431283,1.1855784313725486,0.9559014598540155,1.013962264150943,362.78699999999986,261.91700000000026,268.6999999999999,32.0
6_2018,0.00023060477465946123,317.0,0.23148148148148148,0.3597122302158273,0.0,0.0,2018,6,0.03594771241830075,0.005839972715704356,0.06500761808024369,-0.029059905661942942,1.18854574132492,1.1855784313725486,0.9559014598540155,376.76899999999966,362.78699999999986,261.91700000000026,59.0
7_1996,0.0070738574832142085,15.0,0.23529411764705882,0.35555555555555557,0.0,0.0,1996,7,-0.9526813880126183,29.67524292877421,,,0.0,1.18854574132492,1.1855784313725486,0.0,376.76899999999966,362.78699999999986,0.0
7_1997,0.004035826668414842,16.0,0.30120481927710846,0.44642857142857145,0.0,0.0,1997,7,0.06666666666666665,-0.42947300281471756,0.1802721088435375,-0.11360544217687085,0.0,0.0,1.18854574132492,0.0,0.0,376.76899999999966,3.0
7_1998,0.001594058826969183,25.0,0.29292929292929293,0.4142857142857143,0.0,0.0,1998,7,0.5625,-0.6050229710198917,0.0835734870317002,0.4789265129682998,0.0,0.0,0.0,0.0,0.0,0.0,0.0
7_1999,0.0014123477183563909,29.0,0.2857142857142857,0.38636363636363635,37.769000000000005,1.1108529411764707,1999,7,0.15999999999999992,-0.11399272444561115,0.1914893617021276,-0.03148936170212768,0.0,0.0,0.0,0.0,0.0,0.0,0.0
7_2000,0.0017356082033322376,34.0,0.2517985611510791,0.35714285714285715,34.473000000000006,0.9849428571428573,2000,7,0.17241379310344818,0.2288816562482494,0.1004464285714286,0.07196736453201957,1.1108529411764707,0.0,0.0,37.769000000000005,0.0,0.0,0.0
7_2001,0.0035243116241022556,35.0,0.174496644295302,0.2736842105263158,42.284,1.6263076923076922,2001,7,0.02941176470588225,1.0305917068932042,0.08924949290060846,-0.059837728194726214,0.9849428571428573,1.1108529411764707,0.0,34.473000000000006,37.769000000000005,0.0,3.0
7_2002,0.0019155733441447729,26.0,0.2345679012345679,0.3838383838383838,51.76599999999999,1.3622631578947366,2002,7,,,,,,,,,,,1.0
7_2003,0.002758337499107334,38.0,0.2569832402234637,0.41818181818181815,43.539,0.9465,2003,7,0.46153846153846145,0.43995399995442197,0.21805792163543436,0.2434805399030271,1.3622631578947366,,,51.76599999999999,,,6.0
7_2004,0.0018615807291237018,46.0,0.3062200956937799,0.43243243243243246,60.78299999999999,0.9497343749999998,2004,7,0.21052631578947367,-0.3251077035619625,0.16083916083916083,0.04968715495031284,0.9465,1.3622631578947366,,43.539,51.76599999999999,,2.0
7_2005,0.0009259888285024154,64.0,0.37410071942446044,0.48598130841121495,116.25100000000002,1.117798076923077,2005,7,0.3913043478260869,-0.5025792789881831,0.17349397590361448,0.21781037192247243,0.9497343749999998,0.9465,1.3622631578947366,60.78299999999999,43.539,51.76599999999999,6.0
7_2006,0.0003542166295997352,104.0,0.2246153846153846,0.3029045643153527,50.959,0.698068493150685,2006,7,0.625,-0.6174720269869743,0.3613963039014374,0.2636036960985626,1.117798076923077,0.9497343749999998,0.9465,116.25100000000002,60.78299999999999,43.539,2.0
7_2007,0.000724225629775277,73.0,0.25647668393782386,0.358695652173913,120.09499999999997,1.2130808080808078,2007,7,-0.29807692307692313,1.0445839332660691,-0.13650075414781293,-0.1615761689291102,0.698068493150685,1.117798076923077,0.9497343749999998,50.959,116.25100000000002,60.78299999999999,10.0
7_2008,0.0007173650780125418,99.0,0.29606625258799174,0.45396825396825397,191.70399999999998,1.3405874125874124,2008,7,0.3561643835616439,-0.009472948043642071,0.46113537117903936,-0.10497098761739543,1.2130808080808078,0.698068493150685,1.117798076923077,120.09499999999997,50.959,116.25100000000002,13.0
7_2009,0.0004819919020845303,143.0,0.2395644283121597,0.35294117647058826,195.68899999999996,1.482492424242424,2009,7,0.4444444444444444,-0.32810793714702746,0.10579796772265393,0.3386464767217905,1.3405874125874124,1.2130808080808078,0.698068493150685,191.70399999999998,120.09499999999997,50.959,13.0
7_2010,0.000601088244406588,132.0,0.2474747474747475,0.34834123222748814,268.107,1.823857142857143,2010,7,-0.07692307692307687,0.2470919984484945,0.09297297297297291,-0.16989604989604978,1.482492424242424,1.3405874125874124,1.2130808080808078,195.68899999999996,191.70399999999998,120.09499999999997,15.0
7_2011,0.00036551394064741205,147.0,0.24927953890489912,0.3827433628318584,286.61699999999996,1.6567456647398842,2011,7,0.11363636363636354,-0.39191301102842535,0.185459940652819,-0.07182357701645548,1.823857142857143,1.482492424242424,1.3405874125874124,268.107,195.68899999999996,191.70399999999998,11.0
7_2012,0.0004012583499754484,173.0,0.2352185089974293,0.36381709741550694,262.15200000000004,1.4325245901639347,2012,7,0.1768707482993197,0.09779219163221109,0.052148518982060965,0.12472222931725874,1.6567456647398842,1.823857142857143,1.482492424242424,286.61699999999996,268.107,195.68899999999996,9.0
7_2013,0.0003233926344465961,183.0,0.23493975903614459,0.35390199637023595,228.65899999999993,1.172610256410256,2013,7,0.05780346820809257,-0.1940538197737608,0.12093576526566219,-0.06313229705756962,1.4325245901639347,1.6567456647398842,1.823857142857143,262.15200000000004,286.61699999999996,268.107,16.0
7_2014,0.0003018715420956754,195.0,0.2550693703308431,0.3873581847649919,316.7489999999999,1.325309623430962,2014,7,0.06557377049180335,-0.06654787418936903,0.11602405376724434,-0.05045028327544099,1.172610256410256,1.4325245901639347,1.6567456647398842,228.65899999999993,262.15200000000004,286.61699999999996,19.0
7_2015,0.00030460650728519754,239.0,0.23449612403100775,0.35798816568047337,411.98899999999963,1.702433884297519,2015,7,0.22564102564102573,0.009060029874082387,0.12107765451664032,0.1045633711243854,1.325309623430962,1.172610256410256,1.4325245901639347,316.7489999999999,228.65899999999993,262.15200000000004,18.0
7_2016,0.00018369323922231908,242.0,0.20241411327762301,0.31187410586552217,338.63299999999987,1.5533623853211003,2016,7,0.012552301255230214,-0.3969490643536041,0.037319762510602095,-0.02476746125537188,1.702433884297519,1.325309623430962,1.172610256410256,411.98899999999963,316.7489999999999,228.65899999999993,21.0
7_2017,0.00030043433578131684,218.0,0.2345890410958904,0.37329700272479566,381.0539999999996,1.3907080291970788,2017,7,-0.09917355371900827,0.6355220097006895,0.07331698010357046,-0.17249053382257873,1.5533623853211003,1.702433884297519,1.325309623430962,338.63299999999987,411.98899999999963,316.7489999999999,39.0
7_2018,0.0002317957168282543,274.0,0.23385826771653542,0.376425855513308,0.0,0.0,2018,7,0.25688073394495414,-0.22846462863360562,0.06500761808024369,0.19187311586471045,1.3907080291970788,1.5533623853211003,1.702433884297519,381.0539999999996,338.63299999999987,411.98899999999963,24.0
8_1996,0.005411677341501902,7.0,0.36585365853658536,0.4838709677419355,0.0,0.0,1996,8,-0.9744525547445255,22.346752975213974,,,0.0,1.3907080291970788,1.5533623853211003,0.0,381.0539999999996,338.63299999999987,2.0
8_1997,0.00233381408155238,15.0,0.30612244897959184,0.40540540540540543,0.0,0.0,1997,8,1.1428571428571428,-0.5687447838668304,0.1802721088435375,0.9625850340136053,0.0,0.0,1.3907080291970788,0.0,0.0,381.0539999999996,1.0
8_1998,0.002251330331559558,15.0,0.19298245614035087,0.2682926829268293,0.0,0.0,1998,8,0.0,-0.03534289669636237,0.0835734870317002,-0.0835734870317002,0.0,0.0,0.0,0.0,0.0,0.0,1.0
8_1999,0.0025165253907768878,11.0,0.1864406779661017,0.2972972972972973,11.571,1.051909090909091,1999,8,-0.2666666666666667,0.11779482357598847,0.1914893617021276,-0.4581560283687943,0.0,0.0,0.0,0.0,0.0,0.0,2.0
8_2000,0.002945126582596842,11.0,0.3246753246753247,0.5319148936170213,11.145999999999999,0.44583999999999996,2000,8,0.0,0.1703146701363656,0.1004464285714286,-0.1004464285714286,1.051909090909091,0.0,0.0,11.571,0.0,0.0,1.0
8_2001,0.0006114572560098882,25.0,0.17333333333333334,0.2653061224489796,11.083,0.8525384615384616,2001,8,1.272727272727273,-0.7923833699973803,0.08924949290060846,1.1834777798266645,0.44583999999999996,1.051909090909091,0.0,11.145999999999999,11.571,0.0,1.0
8_2002,0.002968431539860111,13.0,0.3548387096774194,0.4647887323943662,23.568000000000005,0.7141818181818184,2002,8,,,,,,,,,,,1.0
8_2003,0.0006967001539593127,33.0,0.29310344827586204,0.425,21.076999999999998,0.6199117647058823,2003,8,1.5384615384615383,-0.7652968766151349,0.21805792163543436,1.320403616826104,0.7141818181818184,,,23.568000000000005,,,0.0
8_2004,0.000918370275415419,34.0,0.19230769230769232,0.2717391304347826,15.290000000000004,0.6116000000000001,2004,8,0.030303030303030276,0.31817148337970913,0.16083916083916083,-0.13053613053613056,0.6199117647058823,0.7141818181818184,,21.076999999999998,23.568000000000005,,4.0
8_2005,0.000636231884057971,25.0,0.2808219178082192,0.41,32.383,0.789829268292683,2005,8,-0.2647058823529411,-0.3072163798309179,0.17349397590361448,-0.4381998582565556,0.6116000000000001,0.6199117647058823,0.7141818181818184,15.290000000000004,21.076999999999998,23.568000000000005,0.0
8_2006,0.0012727225860618234,41.0,0.2962962962962963,0.45901639344262296,31.806,0.5679642857142857,2006,8,0.6399999999999999,1.0004067981381732,0.3613963039014374,0.2786036960985625,0.789829268292683,0.6116000000000001,0.6199117647058823,32.383,15.290000000000004,21.076999999999998,1.0
8_2007,0.00027352435713359936,56.0,0.2315270935960591,0.3263888888888889,38.275,0.8143617021276596,2007,8,0.36585365853658547,-0.7850872137187697,-0.13650075414781293,0.5023544126843984,0.5679642857142857,0.789829268292683,0.6116000000000001,31.806,32.383,15.290000000000004,1.0
8_2008,0.0005289937944860387,47.0,0.3130081300813008,0.42777777777777776,68.00100000000002,0.8831298701298704,2008,8,-0.1607142857142857,0.9339915466016746,0.46113537117903936,-0.621849656893325,0.8143617021276596,0.5679642857142857,0.789829268292683,38.275,31.806,32.383,5.0
8_2009,0.0005571368423225333,77.0,0.2870967741935484,0.41784037558685444,132.27100000000002,1.4861910112359553,2009,8,0.6382978723404256,0.05320109258339789,0.10579796772265393,0.5324999046177716,0.8831298701298704,0.8143617021276596,0.5679642857142857,68.00100000000002,38.275,31.806,3.0
8_2010,0.0003282419335125961,89.0,0.21574344023323616,0.30833333333333335,80.66999999999999,1.090135135135135,2010,8,0.1558441558441559,-0.41084145118772664,0.09297297297297291,0.06287118287118298,1.4861910112359553,0.8831298701298704,0.8143617021276596,132.27100000000002,68.00100000000002,38.275,8.0
8_2011,0.0006138421486207097,74.0,0.23872679045092837,0.3557312252964427,149.39800000000005,1.6599777777777784,2011,8,-0.1685393258426966,0.8700905824305774,0.185459940652819,-0.3539992664955156,1.090135135135135,1.4861910112359553,0.8831298701298704,80.66999999999999,132.27100000000002,68.00100000000002,7.0
8_2012,0.0002686372804800867,90.0,0.18719211822660098,0.31666666666666665,101.59099999999997,1.336723684210526,2012,8,0.21621621621621623,-0.5623674896164934,0.052148518982060965,0.16406769723415526,1.6599777777777784,1.090135135135135,1.4861910112359553,149.39800000000005,80.66999999999999,132.27100000000002,3.0
8_2013,0.0003603165935253993,76.0,0.2505694760820046,0.39855072463768115,102.728,0.933890909090909,2013,8,-0.15555555555555556,0.3412754658678452,0.12093576526566219,-0.27649132082121775,1.336723684210526,1.6599777777777784,1.090135135135135,101.59099999999997,149.39800000000005,80.66999999999999,7.0
8_2014,0.00020048869118476285,110.0,0.2391304347826087,0.3716216216216216,114.31799999999994,1.039254545454545,2014,8,0.44736842105263164,-0.4435763026533218,0.11602405376724434,0.3313443672853873,0.933890909090909,1.336723684210526,1.6599777777777784,102.728,101.59099999999997,149.39800000000005,6.0
8_2015,0.00022515928909531686,110.0,0.2248995983935743,0.3373493975903614,109.838,0.9806964285714285,2015,8,0.0,0.12305231664073513,0.12107765451664032,-0.12107765451664032,1.039254545454545,0.933890909090909,1.336723684210526,114.31799999999994,102.728,101.59099999999997,7.0
8_2016,0.0003176516989685369,112.0,0.2765957446808511,0.4126984126984127,160.96099999999998,1.0318012820512819,2016,8,0.018181818181818077,0.4107865602385392,0.037319762510602095,-0.019137944328784018,0.9806964285714285,1.039254545454545,0.933890909090909,109.838,114.31799999999994,102.728,12.0
8_2017,0.00018292555087322054,156.0,0.23270440251572327,0.3557692307692308,207.76200000000006,1.4037972972972976,2017,8,0.3928571428571428,-0.4241316779755706,0.07331698010357046,0.31954016275357233,1.0318012820512819,0.9806964285714285,1.039254545454545,160.96099999999998,109.838,114.31799999999994,15.0
8_2018,0.00019119890209341555,148.0,0.21609538002980627,0.32293986636971045,0.0,0.0,2018,8,-0.05128205128205132,0.04522796941543161,0.06500761808024369,-0.11628966936229501,1.4037972972972976,1.0318012820512819,0.9806964285714285,207.76200000000006,160.96099999999998,109.838,11.0
9_1996,0.00797776333838712,9.0,0.31746031746031744,0.46511627906976744,0.0,0.0,1996,9,-0.9391891891891891,40.724943245172824,,,0.0,1.4037972972972976,1.0318012820512819,0.0,207.76200000000006,160.96099999999998,2.0
9_1997,0.0005736200340894192,20.0,0.18461538461538463,0.2926829268292683,0.0,0.0,1997,9,1.2222222222222223,-0.9280976371749091,0.1802721088435375,1.0419501133786848,0.0,0.0,1.4037972972972976,0.0,0.0,207.76200000000006,1.0
9_1998,0.006736935461863829,12.0,0.3125,0.43859649122807015,0.0,0.0,1998,9,-0.4,10.744595832602382,0.0835734870317002,-0.4835734870317002,0.0,0.0,0.0,0.0,0.0,0.0,2.0
9_1999,0.00494508126603935,25.0,0.32653061224489793,0.463768115942029,37.442000000000014,1.1700625000000004,1999,9,1.0833333333333335,-0.2659746714166603,0.1914893617021276,0.8918439716312059,0.0,0.0,0.0,0.0,0.0,0.0,1.0
9_2000,0.00532994660543352,32.0,0.3358208955223881,0.4411764705882353,29.951000000000004,0.6655777777777778,2000,9,0.28,0.07782790993491973,0.1004464285714286,0.17955357142857142,1.1700625000000004,0.0,0.0,37.442000000000014,0.0,0.0,8.0
9_2001,0.0026564869235706457,45.0,0.2549019607843137,0.33620689655172414,33.718,0.8645641025641027,2001,9,0.40625,-0.5015922071597233,0.08924949290060846,0.31700050709939154,0.6655777777777778,1.1700625000000004,0.0,29.951000000000004,37.442000000000014,0.0,5.0
9_2002,0.0031203364536697867,39.0,0.28061224489795916,0.39568345323741005,43.71800000000001,0.7948727272727275,2002,9,,,,,,,,,,,4.0
9_2003,0.002845963022353796,55.0,0.29338842975206614,0.4303030303030303,67.48700000000002,0.9505211267605637,2003,9,0.41025641025641035,-0.0879307200969639,0.21805792163543436,0.192198488620976,0.7948727272727275,,,43.71800000000001,,,8.0
9_2004,0.001645368497644947,71.0,0.3,0.4166666666666667,75.02399999999997,0.8335999999999997,2004,9,0.290909090909091,-0.42185879271048266,0.16083916083916083,0.13006993006993017,0.9505211267605637,0.7948727272727275,,67.48700000000002,43.71800000000001,,10.0
9_2005,0.0024472624798711757,90.0,0.32360742705570295,0.43109540636042404,117.819,0.9657295081967213,2005,9,0.267605633802817,0.48736437057959825,0.17349397590361448,0.0941116578992025,0.8335999999999997,0.9505211267605637,0.7948727272727275,75.02399999999997,67.48700000000002,43.71800000000001,20.0
9_2006,0.001135735031872357,122.0,0.25877192982456143,0.3575757575757576,83.85300000000002,0.7106186440677968,2006,9,0.3555555555555556,-0.5359161343689859,0.3613963039014374,-0.005840748345881774,0.9657295081967213,0.8335999999999997,0.9505211267605637,117.819,75.02399999999997,67.48700000000002,13.0
9_2007,0.0011605848876530265,118.0,0.2927689594356261,0.4088669950738916,187.20400000000004,1.1277349397590364,2007,9,-0.032786885245901676,0.02187997647629336,-0.13650075414781293,0.10371386890191125,0.7106186440677968,0.9657295081967213,0.8335999999999997,83.85300000000002,117.819,75.02399999999997,34.0
9_2008,0.0008960460610240811,166.0,0.28633093525179854,0.41200828157349895,230.891,1.1602562814070352,2008,9,0.4067796610169492,-0.22793578431294637,0.46113537117903936,-0.054355710162090176,1.1277349397590364,0.7106186440677968,0.9657295081967213,187.20400000000004,83.85300000000002,117.819,33.0
9_2009,0.0008419613994329395,199.0,0.25766871165644173,0.3652173913043478,256.52,1.2215238095238095,2009,9,0.1987951807228916,-0.06035924261452452,0.10579796772265393,0.09299721300023767,1.1602562814070352,1.1277349397590364,0.7106186440677968,230.891,187.20400000000004,83.85300000000002,38.0
9_2010,0.0006348445890698261,210.0,0.26744186046511625,0.3821752265861027,302.616,1.196110671936759,2010,9,0.055276381909547645,-0.24599323734152956,0.09297297297297291,-0.03769659106342527,1.2215238095238095,1.1602562814070352,1.1277349397590364,256.52,230.891,187.20400000000004,42.0
9_2011,0.0006345883278470921,253.0,0.2736842105263158,0.40258064516129033,369.2310000000002,1.183432692307693,2011,9,0.2047619047619047,-0.00040365977303113976,0.185459940652819,0.01930196410908569,1.196110671936759,1.2215238095238095,1.1602562814070352,302.616,256.52,230.891,51.0
9_2012,0.0004942820887581778,312.0,0.25478194338179033,0.37082405345211583,453.4509999999999,1.3617147147147144,2012,9,0.23320158102766797,-0.22109804566516067,0.052148518982060965,0.181053062045607,1.183432692307693,1.196110671936759,1.2215238095238095,369.2310000000002,302.616,256.52,60.0
9_2013,0.0004513038264836173,333.0,0.24574540503744044,0.3588469184890656,407.6129999999999,1.1291218836565093,2013,9,0.06730769230769229,-0.08695087937039758,0.12093576526566219,-0.0536280729579699,1.3617147147147144,1.183432692307693,1.196110671936759,453.4509999999999,369.2310000000002,302.616,60.0
9_2014,0.0004685974936363124,361.0,0.25281899109792283,0.38035714285714284,537.8869999999997,1.2626455399061025,2014,9,0.08408408408408419,0.03831934527885705,0.11602405376724434,-0.03193996968316015,1.1291218836565093,1.3617147147147144,1.183432692307693,407.6129999999999,453.4509999999999,369.2310000000002,78.0
9_2015,0.0003515138666423406,426.0,0.2317596566523605,0.35438884331419196,510.2159999999991,1.1810555555555535,2015,9,0.18005540166204992,-0.2498596953334169,0.12107765451664032,0.0589777471454096,1.2626455399061025,1.1291218836565093,1.3617147147147144,537.8869999999997,407.6129999999999,453.4509999999999,73.0
9_2016,0.00037002736293293364,432.0,0.23958843704066635,0.36302895322939865,539.6389999999999,1.1035562372188137,2016,9,0.014084507042253502,0.05266789747850886,0.037319762510602095,-0.023235255468348592,1.1810555555555535,1.2626455399061025,1.1291218836565093,510.2159999999991,537.8869999999997,407.6129999999999,112.0
9_2017,0.00034905283364016545,489.0,0.23545210384959714,0.36351071181755357,633.3420000000007,1.204072243346009,2017,9,0.13194444444444442,-0.05668372502649155,0.07331698010357046,0.05862746434087396,1.1035562372188137,1.1810555555555535,1.2626455399061025,539.6389999999999,510.2159999999991,537.8869999999997,120.0
9_2018,0.00033742930870926267,526.0,0.2429264349232013,0.3719059405940594,0.0,0.0,2018,9,0.0756646216768917,-0.03330018785318134,0.06500761808024369,0.010657003596648007,1.204072243346009,1.1035562372188137,1.1810555555555535,633.3420000000007,539.6389999999999,510.2159999999991,155.0
10_1996,0.0013696522006771314,38.0,0.25,0.3958333333333333,0.0,0.0,1996,10,-0.9277566539923955,3.0590789398713945,,,0.0,1.204072243346009,1.1035562372188137,0.0,633.3420000000007,539.6389999999999,4.0
10_1997,0.00152505296281217,38.0,0.2222222222222222,0.3333333333333333,0.0,0.0,1997,10,0.0,0.11346001711836862,0.1802721088435375,-0.1802721088435375,0.0,0.0,1.204072243346009,0.0,0.0,633.3420000000007,3.0
10_1998,0.002899184104346006,38.0,0.24719101123595505,0.36666666666666664,0.0,0.0,1998,10,0.0,0.9010383082040399,0.0835734870317002,-0.0835734870317002,0.0,0.0,0.0,0.0,0.0,0.0,5.0
10_1999,0.001811182829146901,44.0,0.20603015075376885,0.3333333333333333,24.423999999999996,0.5957073170731706,1999,10,0.1578947368421053,-0.37527843560129304,0.1914893617021276,-0.03359462486002229,0.0,0.0,0.0,0.0,0.0,0.0,7.0
10_2000,0.0012827381635184137,41.0,0.23333333333333334,0.3656716417910448,23.42,0.4779591836734694,2000,10,-0.06818181818181823,-0.29176770954558684,0.1004464285714286,-0.16862824675324684,0.5957073170731706,0.0,0.0,24.423999999999996,0.0,0.0,5.0
10_2001,0.0010373192992354726,49.0,0.24561403508771928,0.3835616438356164,53.171,0.9494821428571428,2001,10,0.19512195121951215,-0.19132420883914714,0.08924949290060846,0.10587245831890368,0.4779591836734694,0.5957073170731706,0.0,23.42,24.423999999999996,0.0,5.0
10_2002,0.0004972173339520278,56.0,0.19491525423728814,0.304635761589404,29.328000000000003,0.6375652173913045,2002,10,,,,,,,,,,,1.0
10_2003,0.001082368132984616,46.0,0.24110671936758893,0.37423312883435583,42.842999999999996,0.702344262295082,2003,10,-0.1785714285714286,1.1768511656294032,0.21805792163543436,-0.39662935020686296,0.6375652173913045,,,29.328000000000003,,,2.0
10_2004,0.0016043599726405676,61.0,0.23465703971119134,0.37790697674418605,61.628,0.948123076923077,2004,10,0.326086956521739,0.48226830017303435,0.16083916083916083,0.1652477956825782,0.702344262295082,0.6375652173913045,,42.842999999999996,29.328000000000003,,5.0
10_2005,0.00036138981791155705,65.0,0.25245901639344265,0.3793103448275862,53.705,0.6974675324675325,2005,10,0.06557377049180335,-0.7747451793397984,0.17349397590361448,-0.10792020541181113,0.948123076923077,0.702344262295082,0.6375652173913045,61.628,42.842999999999996,29.328000000000003,3.0
10_2006,0.0004171490923208293,77.0,0.22429906542056074,0.3364485981308411,32.802,0.45558333333333334,2006,10,0.18461538461538463,0.15429121587182704,0.3613963039014374,-0.17678091928605277,0.6974675324675325,0.948123076923077,0.702344262295082,53.705,61.628,42.842999999999996,7.0
10_2007,0.0007711049056149267,72.0,0.2587601078167116,0.39183673469387753,87.11699999999998,0.9074687499999997,2007,10,-0.06493506493506496,0.8485115269575367,-0.13650075414781293,0.07156568921274797,0.45558333333333334,0.6974675324675325,0.948123076923077,32.802,53.705,61.628,9.0
10_2008,0.0005055807907839344,96.0,0.2773892773892774,0.4146341463414634,78.24000000000001,0.6574789915966387,2008,10,0.33333333333333326,-0.3443424012706118,0.46113537117903936,-0.1278020378457061,0.9074687499999997,0.45558333333333334,0.6974675324675325,87.11699999999998,32.802,53.705,11.0
10_2009,0.0003547615204369243,119.0,0.23044397463002114,0.33641975308641975,107.66199999999999,0.9877247706422018,2009,10,0.23958333333333326,-0.2983089411153368,0.10579796772265393,0.13378536561067933,0.6574789915966387,0.9074687499999997,0.45558333333333334,78.24000000000001,87.11699999999998,32.802,18.0
10_2010,0.0003686067334760544,109.0,0.27472527472527475,0.3968253968253968,143.38700000000003,0.9559133333333335,2010,10,-0.08403361344537819,0.039026817288634774,0.09297297297297291,-0.1770065864183511,0.9877247706422018,0.6574789915966387,0.9074687499999997,107.66199999999999,78.24000000000001,87.11699999999998,13.0
10_2011,0.0003310401528249646,150.0,0.21911037891268534,0.3392857142857143,142.41300000000004,1.0707744360902258,2011,10,0.37614678899082565,-0.10191506893221258,0.185459940652819,0.19068684833800664,0.9559133333333335,0.9877247706422018,0.6574789915966387,143.38700000000003,107.66199999999999,78.24000000000001,21.0
10_2012,0.0002457687060744925,133.0,0.22458270106221548,0.3433874709976798,139.46200000000005,0.9423108108108111,2012,10,-0.11333333333333329,-0.257586416701417,0.052148518982060965,-0.16548185231539425,1.0707744360902258,0.9559133333333335,0.9877247706422018,142.41300000000004,143.38700000000003,107.66199999999999,14.0
10_2013,0.00025069755627910105,148.0,0.20937042459736457,0.33726415094339623,123.34999999999995,0.8625874125874122,2013,10,0.11278195488721798,0.02005483238014283,0.12093576526566219,-0.008153810378444204,0.9423108108108111,1.0707744360902258,0.9559133333333335,139.46200000000005,142.41300000000004,143.38700000000003,21.0
10_2014,0.0002934619690679979,143.0,0.23056300268096513,0.3714902807775378,195.0259999999999,1.1338720930232553,2014,10,-0.03378378378378377,0.17058168984019662,0.11602405376724434,-0.1498078375510281,0.8625874125874122,0.9423108108108111,1.0707744360902258,123.34999999999995,139.46200000000005,142.41300000000004,17.0
10_2015,0.0002951469676226091,172.0,0.23393316195372751,0.36619718309859156,256.51600000000013,1.4094285714285721,2015,10,0.2027972027972027,0.0057417952996177135,0.12107765451664032,0.08171954828056238,1.1338720930232553,0.8625874125874122,0.9423108108108111,195.0259999999999,123.34999999999995,139.46200000000005,33.0
10_2016,0.00025410855773615263,182.0,0.2508710801393728,0.37894736842105264,234.5520000000001,1.0858888888888893,2016,10,0.058139534883721034,-0.13904398278938235,0.037319762510602095,0.02081977237311894,1.4094285714285721,1.1338720930232553,0.8625874125874122,256.51600000000013,195.0259999999999,123.34999999999995,37.0
10_2017,0.00024416280548741713,216.0,0.24068157614483493,0.36217948717948717,227.8970000000002,1.0083938053097354,2017,10,0.18681318681318682,-0.0391397768628573,0.07331698010357046,0.11349620670961635,1.0858888888888893,1.4094285714285721,1.1338720930232553,234.5520000000001,256.51600000000013,195.0259999999999,51.0
10_2018,0.00023233392645726934,226.0,0.23017408123791103,0.35,0.0,0.0,2018,10,0.04629629629629628,-0.04844668706412525,0.06500761808024369,-0.01871132178394741,1.0083938053097354,1.0858888888888893,1.4094285714285721,227.8970000000002,234.5520000000001,256.51600000000013,56.0
11_1996,0.0018453541260558804,20.0,0.22826086956521738,0.35,0.0,0.0,1996,11,-0.911504424778761,6.942680409162182,,,0.0,1.0083938053097354,1.0858888888888893,0.0,227.8970000000002,234.5520000000001,1.0
11_1997,0.0030405763983841864,21.0,0.22448979591836735,0.3492063492063492,0.0,0.0,1997,11,0.050000000000000044,0.6476926327863604,0.1802721088435375,-0.13027210884353746,0.0,0.0,1.0083938053097354,0.0,0.0,227.8970000000002,3.0
11_1998,0.0027895763671449306,22.0,0.2545454545454545,0.39436619718309857,0.0,0.0,1998,11,0.04761904761904767,-0.08255014785112502,0.0835734870317002,-0.03595443941265253,0.0,0.0,0.0,0.0,0.0,0.0,6.0
11_1999,0.00251374801417573,28.0,0.1574074074074074,0.2537313432835821,23.547,1.3851176470588236,1999,11,0.2727272727272727,-0.09887822259245216,0.1914893617021276,0.0812379110251451,0.0,0.0,0.0,0.0,0.0,0.0,3.0
11_2000,0.0007990470021904629,17.0,0.1619047619047619,0.27419354838709675,12.408000000000003,0.7298823529411766,2000,11,-0.3928571428571429,-0.6821292358325446,0.1004464285714286,-0.4933035714285715,1.3851176470588236,0.0,0.0,23.547,0.0,0.0,0.0
11_2001,0.0034187476165957642,17.0,0.30578512396694213,0.5211267605633803,21.404000000000003,0.5784864864864866,2001,11,0.0,3.278531309452135,0.08924949290060846,-0.08924949290060846,0.7298823529411766,1.3851176470588236,0.0,12.408000000000003,23.547,0.0,4.0
11_2002,0.00173863880427587,37.0,0.20161290322580644,0.31645569620253167,33.047000000000004,1.3218800000000002,2002,11,,,,,,,,,,,1.0
11_2003,0.0014118799939695462,25.0,0.2781954887218045,0.37373737373737376,20.439999999999998,0.5524324324324323,2003,11,-0.32432432432432434,-0.18793944406550633,0.21805792163543436,-0.5423822459597587,1.3218800000000002,,,33.047000000000004,,,3.0
11_2004,0.000690070457512318,37.0,0.24675324675324675,0.38,14.969999999999999,0.3939473684210526,2004,11,0.48,-0.5112400059071858,0.16083916083916083,0.31916083916083915,0.5524324324324323,1.3218800000000002,,20.439999999999998,33.047000000000004,,3.0
11_2005,0.0007691329773709636,38.0,0.3251231527093596,0.46808510638297873,36.617999999999995,0.5548181818181818,2005,11,0.027027027027026973,0.11457166293375831,0.17349397590361448,-0.1464669488765875,0.3939473684210526,0.5524324324324323,1.3218800000000002,14.969999999999999,20.439999999999998,33.047000000000004,4.0
11_2006,0.0005001132331848721,66.0,0.22065727699530516,0.31125827814569534,36.51899999999999,0.7769999999999998,2006,11,0.736842105263158,-0.34977013351533826,0.3613963039014374,0.37544580136172057,0.5548181818181818,0.3939473684210526,0.5524324324324323,36.617999999999995,14.969999999999999,20.439999999999998,2.0
11_2007,0.0007187378492064428,47.0,0.21991701244813278,0.3192771084337349,56.77000000000002,1.0711320754716984,2007,11,-0.28787878787878785,0.43715023221701843,-0.13650075414781293,-0.15137803373097491,0.7769999999999998,0.5548181818181818,0.3939473684210526,36.51899999999999,36.617999999999995,14.969999999999999,6.0
11_2008,0.0010774286186535271,53.0,0.26353790613718414,0.42196531791907516,78.01700000000001,1.0687260273972603,2008,11,0.12765957446808507,0.4990564638318604,0.46113537117903936,-0.3334757967109543,1.0711320754716984,0.7769999999999998,0.5548181818181818,56.77000000000002,36.51899999999999,36.617999999999995,11.0
11_2009,0.0005681044073846088,73.0,0.26006191950464397,0.4,111.47500000000001,1.3270833333333334,2009,11,0.37735849056603765,-0.47272199981603014,0.10579796772265393,0.2715605228433837,1.0687260273972603,1.0711320754716984,0.7769999999999998,78.01700000000001,56.77000000000002,36.51899999999999,7.0
11_2010,0.00036968653381802194,84.0,0.22356495468277945,0.3203463203463203,136.451,1.8439324324324324,2010,11,0.15068493150684925,-0.3492630421229196,0.09297297297297291,0.05771195853387634,1.3270833333333334,1.0687260273972603,1.0711320754716984,111.47500000000001,78.01700000000001,56.77000000000002,14.0
11_2011,0.0005542061666546305,74.0,0.25065963060686014,0.37549407114624506,118.16100000000003,1.2438000000000002,2011,11,-0.11904761904761907,0.49912457164977053,0.185459940652819,-0.3045075597004381,1.8439324324324324,1.3270833333333334,1.0687260273972603,136.451,111.47500000000001,78.01700000000001,12.0
11_2012,0.0005041082811934972,95.0,0.2400932400932401,0.3786764705882353,144.35,1.4014563106796116,2012,11,0.28378378378378377,-0.09039575608395078,0.052148518982060965,0.2316352648017228,1.2438000000000002,1.8439324324324324,1.3270833333333334,118.16100000000003,136.451,111.47500000000001,13.0
11_2013,0.0003630727122928042,103.0,0.23440860215053763,0.3550488599348534,146.80900000000005,1.346871559633028,2013,11,0.08421052631578951,-0.27977237066367056,0.12093576526566219,-0.036725238949872674,1.4014563106796116,1.2438000000000002,1.8439324324324324,144.35,118.16100000000003,136.451,13.0
11_2014,0.0003242471733866057,109.0,0.2485207100591716,0.3727810650887574,153.98799999999986,1.222126984126983,2014,11,0.058252427184465994,-0.10693598717737618,0.11602405376724434,-0.057771626582778346,1.346871559633028,1.4014563106796116,1.2438000000000002,146.80900000000005,144.35,118.16100000000003,17.0
11_2015,0.00044109260015472705,126.0,0.2390158172231986,0.3665768194070081,251.32400000000007,1.8479705882352946,2015,11,0.15596330275229353,0.3603591221712963,0.12107765451664032,0.03488564823565321,1.222126984126983,1.346871559633028,1.4014563106796116,153.98799999999986,146.80900000000005,144.35,25.0
11_2016,0.00034502512824518915,136.0,0.24281150159744408,0.3671497584541063,216.66,1.4253947368421052,2016,11,0.0793650793650793,-0.21779434040797607,0.037319762510602095,0.04204531685447721,1.8479705882352946,1.222126984126983,1.346871559633028,251.32400000000007,153.98799999999986,146.80900000000005,35.0
11_2017,0.00027085036794766967,152.0,0.22861356932153393,0.34988713318284426,221.7280000000001,1.4305032258064523,2017,11,0.11764705882352944,-0.21498364677023707,0.07331698010357046,0.044330078719958976,1.4253947368421052,1.8479705882352946,1.222126984126983,216.66,251.32400000000007,153.98799999999986,42.0
11_2018,0.00025761824829733613,155.0,0.21408839779005526,0.3354978354978355,0.0,0.0,2018,11,0.019736842105263053,-0.048853984399571115,0.06500761808024369,-0.04527077597498064,1.4305032258064523,1.4253947368421052,1.8479705882352946,221.7280000000001,216.66,251.32400000000007,42.0
12_1996,0.0017957351290684624,33.0,0.26785714285714285,0.3488372093023256,0.0,0.0,1996,12,-0.7870967741935484,5.970527673939746,,,0.0,1.4305032258064523,1.4253947368421052,0.0,221.7280000000001,216.66,3.0
12_1997,0.0027053013417245747,30.0,0.2537313432835821,0.35051546391752575,0.0,0.0,1997,12,-0.09090909090909094,0.5065146846728725,0.1802721088435375,-0.27118119975262844,0.0,0.0,1.4305032258064523,0.0,0.0,221.7280000000001,2.0
12_1998,0.000647536951743448,34.0,0.24050632911392406,0.37254901960784315,0.0,0.0,1998,12,0.1333333333333333,-0.7606414702287264,0.0835734870317002,0.049759846301633104,0.0,0.0,0.0,0.0,0.0,0.0,5.0
12_1999,0.00042141281347080273,38.0,0.24157303370786518,0.3739130434782609,15.939000000000002,0.3706744186046512,1999,12,0.11764705882352944,-0.34920653974081606,0.1914893617021276,-0.07384230287859816,0.0,0.0,0.0,0.0,0.0,0.0,3.0
12_2000,0.0009367693552890796,43.0,0.21621621621621623,0.3305785123966942,35.60000000000001,0.8900000000000002,2000,12,0.13157894736842102,1.2229256570860843,0.1004464285714286,0.031132518796992414,0.3706744186046512,0.0,0.0,15.939000000000002,0.0,0.0,4.0
12_2001,0.0005259440506520698,40.0,0.19270833333333334,0.30833333333333335,29.317,0.7923513513513514,2001,12,-0.06976744186046513,-0.43855544837953453,0.08924949290060846,-0.1590169347610736,0.8900000000000002,0.3706744186046512,0.0,35.60000000000001,15.939000000000002,0.0,5.0
12_2002,0.00041464520228998993,37.0,0.19387755102040816,0.33043478260869563,16.090000000000003,0.42342105263157903,2002,12,,,,,,,,,,,5.0
12_2003,0.0005256810048640371,38.0,0.20202020202020202,0.34782608695652173,30.753999999999994,0.7688499999999998,2003,12,0.027027027027026973,0.26778508942301027,0.21805792163543436,-0.1910308946084074,0.42342105263157903,,,16.090000000000003,,,3.0
12_2004,0.0006613541497262428,40.0,0.2889908256880734,0.44680851063829785,53.956999999999994,0.8564603174603174,2004,12,0.05263157894736836,0.2580902555101765,0.16083916083916083,-0.10820758189179247,0.7688499999999998,0.42342105263157903,,30.753999999999994,16.090000000000003,,3.0
12_2005,0.0004899930986887508,63.0,0.285140562248996,0.40804597701149425,66.818,0.9410985915492958,2005,12,0.575,-0.25910633676136174,0.17349397590361448,0.40150602409638547,0.8564603174603174,0.7688499999999998,0.42342105263157903,53.956999999999994,30.753999999999994,16.090000000000003,10.0
12_2006,0.0024007561637660185,71.0,0.22344322344322345,0.3128205128205128,69.529,1.1398196721311475,2006,12,0.12698412698412698,3.8995713821083955,0.3613963039014374,-0.23441217691731042,0.9410985915492958,0.8564603174603174,0.7688499999999998,66.818,53.956999999999994,30.753999999999994,6.0
12_2007,0.0005622805372319147,61.0,0.2586750788643533,0.38317757009345793,113.45799999999998,1.3836341463414632,2007,12,-0.14084507042253525,-0.7657902348775494,-0.13650075414781293,-0.004344316274722315,1.1398196721311475,0.9410985915492958,0.8564603174603174,69.529,66.818,53.956999999999994,10.0
12_2008,0.00038277826089122856,82.0,0.2452316076294278,0.38626609442060084,99.322,1.1035777777777778,2008,12,0.34426229508196715,-0.3192397112380395,0.46113537117903936,-0.1168730760970722,1.3836341463414632,1.1398196721311475,0.9410985915492958,113.45799999999998,69.529,66.818,13.0
12_2009,0.0006569789179024686,90.0,0.23618090452261306,0.3533834586466165,169.82400000000004,1.8066382978723408,2009,12,0.09756097560975618,0.716343337714149,0.10579796772265393,-0.008236992112897745,1.1035777777777778,1.3836341463414632,1.1398196721311475,99.322,113.45799999999998,69.529,5.0
12_2010,0.0003803984082573792,94.0,0.26681614349775784,0.3927392739273927,229.7400000000001,1.9305882352941184,2010,12,0.04444444444444451,-0.42098840938172843,0.09297297297297291,-0.0485285285285284,1.8066382978723408,1.1035777777777778,1.3836341463414632,169.82400000000004,99.322,113.45799999999998,14.0
12_2011,0.00031211991500828406,119.0,0.23306772908366533,0.35454545454545455,166.92,1.4266666666666665,2011,12,0.26595744680851063,-0.17949205823936465,0.185459940652819,0.08049750615569162,1.9305882352941184,1.8066382978723408,1.1035777777777778,229.7400000000001,169.82400000000004,99.322,11.0
12_2012,0.0003014434846586631,117.0,0.22365988909426987,0.3389355742296919,153.23900000000003,1.266438016528926,2012,12,-0.01680672268907568,-0.0342061811382256,0.052148518982060965,-0.06895524167113665,1.4266666666666665,1.9305882352941184,1.8066382978723408,166.92,229.7400000000001,169.82400000000004,14.0
12_2013,0.00039330953702920425,121.0,0.24707846410684475,0.38341968911917096,175.44599999999997,1.1854459459459457,2013,12,0.03418803418803429,0.30475381637312493,0.12093576526566219,-0.0867477310776279,1.266438016528926,1.4266666666666665,1.9305882352941184,153.23900000000003,166.92,229.7400000000001,19.0
12_2014,0.0002030691585121813,148.0,0.24287856071964017,0.37587006960556846,189.50099999999992,1.1697592592592587,2014,12,0.22314049586776852,-0.48369124215489623,0.11602405376724434,0.10711644210052418,1.1854459459459457,1.266438016528926,1.4266666666666665,175.44599999999997,153.23900000000003,166.92,13.0
12_2015,0.0002196688372225997,162.0,0.24725274725274726,0.3673469387755102,276.025,1.5334722222222221,2015,12,0.09459459459459452,0.08174396758246605,0.12107765451664032,-0.026483059922045804,1.1697592592592587,1.1854459459459457,1.266438016528926,189.50099999999992,175.44599999999997,153.23900000000003,24.0
12_2016,0.00019777938279371145,180.0,0.21262886597938144,0.3254437869822485,248.333,1.5050484848484849,2016,12,0.11111111111111116,-0.09964751808062211,0.037319762510602095,0.07379134860050907,1.5334722222222221,1.1697592592592587,1.1854459459459457,276.025,189.50099999999992,175.44599999999997,31.0
12_2017,0.00020144205753363562,165.0,0.2321219226260258,0.36464088397790057,263.05600000000015,1.3285656565656574,2017,12,-0.08333333333333337,0.018518991657206385,0.07331698010357046,-0.15665031343690383,1.5050484848484849,1.5334722222222221,1.1697592592592587,248.333,276.025,189.50099999999992,30.0
12_2018,0.0001984949320273955,198.0,0.19428571428571428,0.31894934333958724,0.0,0.0,2018,12,0.19999999999999996,-0.014630140013080606,0.06500761808024369,0.13499238191975627,1.3285656565656574,1.5050484848484849,1.5334722222222221,263.05600000000015,248.333,276.025,29.0
13_1996,0.0027046783625730994,16.0,0.19148936170212766,0.2857142857142857,0.0,0.0,1996,13,-0.9191919191919192,12.625931578947368,,,0.0,1.3285656565656574,1.5050484848484849,0.0,263.05600000000015,248.333,1.0
13_1997,0.002061390090759436,18.0,0.23809523809523808,0.423728813559322,0.0,0.0,1997,13,0.125,-0.2378427988759706,0.1802721088435375,-0.055272108843537504,0.0,0.0,1.3285656565656574,0.0,0.0,263.05600000000015,0.0
13_1998,0.001686451084731887,25.0,0.2542372881355932,0.410958904109589,0.0,0.0,1998,13,0.38888888888888884,-0.1818864889805588,0.0835734870317002,0.30531540185718864,0.0,0.0,0.0,0.0,0.0,0.0,3.0
13_1999,0.0020439121756487028,30.0,0.28225806451612906,0.3888888888888889,35.326,1.0093142857142858,1999,13,0.19999999999999996,0.21196054492955851,0.1914893617021276,0.008510638297872353,0.0,0.0,0.0,0.0,0.0,0.0,0.0
13_2000,0.0005635873560401862,35.0,0.2116788321167883,0.30851063829787234,18.071,0.6231379310344828,2000,13,0.16666666666666674,-0.7242604830311199,0.1004464285714286,0.06622023809523814,1.0093142857142858,0.0,0.0,35.326,0.0,0.0,1.0
13_2001,0.002253735277002419,29.0,0.23225806451612904,0.36,28.509,0.7919166666666667,2001,13,-0.17142857142857137,2.9989102893247273,0.08924949290060846,-0.26067806432917984,0.6231379310344828,1.0093142857142858,0.0,18.071,35.326,0.0,4.0
13_2002,0.0011825884841757857,36.0,0.26136363636363635,0.4144144144144144,46.20499999999999,1.0044565217391301,2002,13,,,,,,,,,,,0.0
13_2003,0.0008472132093157402,46.0,0.2275132275132275,0.344,34.172999999999995,0.794720930232558,2003,13,0.2777777777777777,-0.2835942336220092,0.21805792163543436,0.05971985614234332,1.0044565217391301,,,46.20499999999999,,,1.0
13_2004,0.0008278483129754087,43.0,0.20207253886010362,0.3046875,27.590999999999998,0.7074615384615384,2004,13,-0.06521739130434778,-0.022857169986728265,0.16083916083916083,-0.22605655214350862,0.794720930232558,1.0044565217391301,,34.172999999999995,46.20499999999999,,3.0
13_2005,0.0006518642388207605,39.0,0.215311004784689,0.3543307086614173,41.92700000000001,0.9317111111111113,2005,13,-0.09302325581395354,-0.21258009637313324,0.17349397590361448,-0.266517231717568,0.7074615384615384,0.794720930232558,1.0044565217391301,27.590999999999998,34.172999999999995,46.20499999999999,1.0
13_2006,0.0004126720515336806,45.0,0.16019417475728157,0.28205128205128205,18.215,0.551969696969697,2006,13,0.15384615384615374,-0.36693558726244113,0.3613963039014374,-0.20755015005528366,0.9317111111111113,0.7074615384615384,0.794720930232558,41.92700000000001,27.590999999999998,34.172999999999995,3.0
13_2007,0.001851651508189077,33.0,0.2727272727272727,0.43478260869565216,74.492,1.2415333333333334,2007,13,-0.2666666666666667,3.48698064554525,-0.13650075414781293,-0.1301659125188538,0.551969696969697,0.9317111111111113,0.7074615384615384,18.215,41.92700000000001,27.590999999999998,4.0
13_2008,0.0008848352299810536,60.0,0.2062780269058296,0.33093525179856115,64.004,1.391391304347826,2008,13,0.8181818181818181,-0.5221372779554905,0.46113537117903936,0.35704644700277877,1.2415333333333334,0.551969696969697,0.9317111111111113,74.492,18.215,41.92700000000001,3.0
13_2009,0.0005279776888937356,46.0,0.30038022813688214,0.42702702702702705,95.31899999999999,1.2065696202531644,2009,13,-0.23333333333333328,-0.4033039474422364,0.10579796772265393,-0.3391313010559872,1.391391304347826,1.2415333333333334,0.551969696969697,64.004,74.492,18.215,5.0
13_2010,0.0002949511394141692,79.0,0.24567474048442905,0.3622448979591837,87.418,1.2312394366197184,2010,13,0.7173913043478262,-0.44135681181495323,0.09297297297297291,0.6244183313748533,1.2065696202531644,1.391391304347826,1.2415333333333334,95.31899999999999,64.004,74.492,2.0
13_2011,0.0005316450565949956,71.0,0.26011560693641617,0.375,155.11499999999998,1.7234999999999998,2011,13,-0.10126582278481011,0.8024851765310925,0.185459940652819,-0.2867257634376291,1.2312394366197184,1.2065696202531644,1.391391304347826,87.418,95.31899999999999,64.004,5.0
13_2012,0.0002646911961340515,90.0,0.21428571428571427,0.3263598326359833,83.88700000000001,1.0754743589743592,2012,13,0.267605633802817,-0.502127983979936,0.052148518982060965,0.21545711482075602,1.7234999999999998,1.2312394366197184,1.2065696202531644,155.11499999999998,87.418,95.31899999999999,8.0
13_2013,0.00040281735831302235,78.0,0.21674876847290642,0.34375,113.62100000000002,1.2911477272727276,2013,13,-0.1333333333333333,0.5218388982949684,0.12093576526566219,-0.2542690985989955,1.0754743589743592,1.7234999999999998,1.2312394366197184,83.88700000000001,155.11499999999998,87.418,9.0
13_2014,0.00032722423951860925,88.0,0.2534246575342466,0.4007220216606498,141.73899999999995,1.2769279279279275,2014,13,0.1282051282051282,-0.18766102610620616,0.11602405376724434,0.012181074437883854,1.2911477272727276,1.0754743589743592,1.7234999999999998,113.62100000000002,83.88700000000001,155.11499999999998,13.0
13_2015,0.00033608164013056006,111.0,0.23541666666666666,0.36217948717948717,192.22199999999995,1.7010796460176987,2015,13,0.26136363636363646,0.02706829000498634,0.12107765451664032,0.14028598184699614,1.2769279279279275,1.2911477272727276,1.0754743589743592,141.73899999999995,113.62100000000002,83.88700000000001,12.0
13_2016,0.00027793396099398915,113.0,0.23076923076923078,0.34310850439882695,164.43099999999998,1.4053931623931621,2016,13,0.018018018018018056,-0.17301652989428962,0.037319762510602095,-0.01930174449258404,1.7010796460176987,1.2769279279279275,1.2911477272727276,192.22199999999995,141.73899999999995,113.62100000000002,19.0
13_2017,0.00035816368604594276,117.0,0.2603448275862069,0.3963254593175853,260.5540000000001,1.7255231788079477,2017,13,0.03539823008849563,0.2886647056913234,0.07331698010357046,-0.03791875001507483,1.4053931623931621,1.7010796460176987,1.2769279279279275,164.43099999999998,192.22199999999995,141.73899999999995,25.0
13_2018,0.000162413548621515,151.0,0.2128,0.3316708229426434,0.0,0.0,2018,13,0.2905982905982907,-0.5465382032038789,0.06500761808024369,0.225590672518047,1.7255231788079477,1.4053931623931621,1.7010796460176987,260.5540000000001,164.43099999999998,192.22199999999995,19.0
14_1996,0.0016569200779727095,10.0,0.20588235294117646,0.28,0.0,0.0,1996,14,-0.9337748344370861,9.201858724446444,,,0.0,1.7255231788079477,1.4053931623931621,0.0,260.5540000000001,164.43099999999998,0.0
14_1997,0.004148794695536534,7.0,0.3,0.41379310344827586,0.0,0.0,1997,14,-0.30000000000000004,1.5039196221296964,0.1802721088435375,-0.48027210884353755,0.0,0.0,1.7255231788079477,0.0,0.0,260.5540000000001,1.0
14_1998,0.0015861645517805977,12.0,0.26,0.40625,0.0,0.0,1998,14,0.7142857142857142,-0.6176806354175426,0.0835734870317002,0.630712227254014,0.0,0.0,0.0,0.0,0.0,0.0,0.0
14_1999,0.007443574389682174,13.0,0.3114754098360656,0.4318181818181818,12.545000000000002,0.6602631578947369,1999,14,0.08333333333333326,3.6928134797402707,0.1914893617021276,-0.10815602836879434,0.0,0.0,0.0,0.0,0.0,0.0,2.0
14_2000,0.0016890563708002924,19.0,0.25,0.3469387755102041,9.851999999999999,0.5795294117647058,2000,14,0.46153846153846145,-0.7730853105812231,0.1004464285714286,0.36109203296703285,0.6602631578947369,0.0,0.0,12.545000000000002,0.0,0.0,0.0
14_2001,0.0032896542821149346,17.0,0.32967032967032966,0.45454545454545453,30.616,1.0205333333333333,2001,14,-0.10526315789473684,0.9476284740906915,0.08924949290060846,-0.1945126507953453,0.5795294117647058,0.6602631578947369,0.0,9.851999999999999,12.545000000000002,0.0,2.0
14_2002,0.00095333428666762,30.0,0.2882882882882883,0.4050632911392405,30.312,0.94725,2002,14,,,,,,,,,,,1.0
14_2003,0.0016948873058947687,32.0,0.3194444444444444,0.42592592592592593,47.03300000000001,1.0224565217391306,2003,14,0.06666666666666665,0.7778520395183175,0.21805792163543436,-0.1513912549687677,0.94725,,,30.312,,,3.0
14_2004,0.001081437380729595,46.0,0.2897727272727273,0.3953488372093023,29.99799999999999,0.5881960784313723,2004,14,0.4375,-0.361941424088559,0.16083916083916083,0.27666083916083917,1.0224565217391306,0.94725,,47.03300000000001,30.312,,5.0
14_2005,0.0013623662025196552,51.0,0.326271186440678,0.4425287356321839,71.04300000000002,0.9226363636363639,2005,14,0.10869565217391308,0.25977354472482794,0.17349397590361448,-0.0647983237297014,0.5881960784313723,1.0224565217391306,0.94725,29.99799999999999,47.03300000000001,30.312,7.0
14_2006,0.00045611895464692324,77.0,0.2945205479452055,0.40186915887850466,41.311,0.48036046511627906,2006,14,0.5098039215686274,-0.665200917489479,0.3613963039014374,0.14840761766719002,0.9226363636363639,0.5881960784313723,1.0224565217391306,71.04300000000002,29.99799999999999,47.03300000000001,4.0
14_2007,0.0010057671656546886,86.0,0.30851063829787234,0.4157706093189964,140.51099999999997,1.2113017241379307,2007,14,0.11688311688311681,1.2050545266930248,-0.13650075414781293,0.25338387103092974,0.48036046511627906,0.9226363636363639,0.5881960784313723,41.311,71.04300000000002,29.99799999999999,12.0
14_2008,0.0003437212141252637,116.0,0.23076923076923078,0.3289036544850498,97.78900000000002,0.987767676767677,2008,14,0.34883720930232553,-0.6582497163729504,0.46113537117903936,-0.11229816187671382,1.2113017241379307,0.48036046511627906,0.9226363636363639,140.51099999999997,41.311,71.04300000000002,3.0
14_2009,0.0005670271634983506,99.0,0.23790322580645162,0.35435435435435436,153.36999999999992,1.2997457627118638,2009,14,-0.14655172413793105,0.649671711248252,0.10579796772265393,-0.252349691860585,0.987767676767677,1.2113017241379307,0.48036046511627906,97.78900000000002,140.51099999999997,41.311,7.0
14_2010,0.0003979796328178822,118.0,0.26102292768959434,0.4054794520547945,172.771,1.1673716216216214,2010,14,0.19191919191919182,-0.2981295104761945,0.09297297297297291,0.09894621894621891,1.2997457627118638,0.987767676767677,1.2113017241379307,153.36999999999992,97.78900000000002,140.51099999999997,11.0
14_2011,0.00029630096793283387,148.0,0.24132492113564669,0.36515513126491644,158.73499999999996,1.0374836601307187,2011,14,0.2542372881355932,-0.2554871066268285,0.185459940652819,0.0687773474827742,1.1673716216216214,1.2997457627118638,0.987767676767677,172.771,153.36999999999992,97.78900000000002,10.0
14_2012,0.0003527370871308815,153.0,0.25467625899280577,0.3702928870292887,198.50000000000006,1.1214689265536726,2012,14,0.03378378378378377,0.19046889921345334,0.052148518982060965,-0.018364735198277193,1.0374836601307187,1.1673716216216214,1.2997457627118638,158.73499999999996,172.771,153.36999999999992,14.0
14_2013,0.000257432911823429,177.0,0.25031446540880503,0.3761814744801512,153.64299999999994,0.7720753768844218,2013,14,0.15686274509803932,-0.27018473187110703,0.12093576526566219,0.03592697983237714,1.1214689265536726,1.0374836601307187,1.1673716216216214,198.50000000000006,158.73499999999996,172.771,8.0
14_2014,0.00026651701560570057,199.0,0.2552255225522552,0.3815789473684211,263.47599999999994,1.1356724137931031,2014,14,0.12429378531073443,0.03528726656559855,0.11602405376724434,0.008269731543490089,0.7720753768844218,1.1214689265536726,1.0374836601307187,153.64299999999994,198.50000000000006,158.73499999999996,18.0
14_2015,0.00026357718850167133,232.0,0.24127617148554337,0.35958395245170877,261.8249999999998,1.081921487603305,2015,14,0.16582914572864316,-0.011030541886220768,0.12107765451664032,0.044751491212002836,1.1356724137931031,0.7720753768844218,1.1214689265536726,263.47599999999994,153.64299999999994,198.50000000000006,11.0
14_2016,0.0002546481225068312,242.0,0.2237442922374429,0.34075104311543813,274.601,1.1208204081632653,2016,14,0.0431034482758621,-0.03387647484062728,0.037319762510602095,0.005783685765260005,1.081921487603305,1.1356724137931031,0.7720753768844218,261.8249999999998,263.47599999999994,153.64299999999994,28.0
14_2017,0.00021559564136365913,245.0,0.22857142857142856,0.3583662714097497,349.76199999999994,1.2858897058823526,2017,14,0.012396694214876103,-0.1533586062160126,0.07331698010357046,-0.06092028588869436,1.1208204081632653,1.081921487603305,1.1356724137931031,274.601,261.8249999999998,263.47599999999994,24.0
14_2018,0.00022598648011318975,272.0,0.21536025336500395,0.34474017743979724,0.0,0.0,2018,14,0.11020408163265305,0.04819595926804343,0.06500761808024369,0.04519646355240936,1.2858897058823526,1.1208204081632653,1.081921487603305,349.76199999999994,274.601,261.8249999999998,29.0
