Topic_Year,Citation_feature,Topic_num,Five_Year_Percent,Three_Year_Percent,Sum_SJR,Avg_SJR,Year,Topic,Growth_Rate,Citation_Growth_Rate,Year_Growth_Rate,Target,Avg_SJR_1,Avg_SJR_2,Avg_SJR_3,Sum_SJR_1,Sum_SJR_2,Sum_SJR_3,Google Trend,Review_AMT
0_2004,0.0014468922456788989,69.0,0.24522292993630573,0.3515981735159817,62.657,0.8137272727272726,2004,0,-0.0547945205479452,0.4870750806854529,0.16083916083916083,0,1.0200579710144928,1.0563287671232875,,70.384,77.112,,0.48026315789473684,4.0
0_2005,0.001028609072087333,77.0,0.2594594594594595,0.39669421487603307,94.64599999999999,0.9858958333333332,2005,0,0.11594202898550732,-0.2890907563025209,0.17349397590361448,0,0.8137272727272726,1.0200579710144928,1.0563287671232875,62.657,70.384,77.112,0.3626634958382878,5.0
0_2006,0.0007244171636345336,96.0,0.20253164556962025,0.31620553359683795,78.86000000000001,0.9857500000000001,2006,0,0.24675324675324672,-0.29573131008412135,0.3613963039014374,0,0.9858958333333332,0.8137272727272726,1.0200579710144928,94.64599999999999,62.657,70.384,0.39580209895052476,13.0
0_2007,0.0013570595374156071,80.0,0.32916666666666666,0.47305389221556887,183.86799999999997,1.1637215189873416,2007,0,-0.16666666666666663,0.8733122371189974,-0.13650075414781293,0,0.9857500000000001,0.9858958333333332,0.8137272727272726,78.86000000000001,94.64599999999999,62.657,0.424408014571949,13.0
0_2008,0.0005271409520602153,158.0,0.25,0.36533333333333334,163.01700000000002,1.1899051094890514,2008,0,0.9750000000000001,-0.6115565032142172,0.46113537117903936,1,1.1637215189873416,0.9857500000000001,0.9858958333333332,183.86799999999997,78.86000000000001,94.64599999999999,0.37937743190661477,14.0
0_2009,0.0007280509144411931,137.0,0.2686335403726708,0.3696581196581197,249.00899999999993,1.4393583815028899,2009,0,-0.13291139240506333,0.3811313873372293,0.10579796772265393,0,1.1899051094890514,1.1637215189873416,0.9857500000000001,163.01700000000002,183.86799999999997,78.86000000000001,0.48711943793911006,10.0
0_2010,0.0005254116926004248,173.0,0.2584573748308525,0.3812375249500998,292.363,1.530696335078534,2010,0,0.2627737226277371,-0.2783311136918243,0.09297297297297291,1,1.4393583815028899,1.1899051094890514,1.1637215189873416,249.00899999999993,163.01700000000002,183.86799999999997,0.44212962962962965,13.0
0_2011,0.0004567201768845911,191.0,0.23638470451911936,0.3591549295774648,329.78699999999986,1.61660294117647,2011,0,0.10404624277456653,-0.1307384603031161,0.185459940652819,0,1.530696335078534,1.4393583815028899,1.1899051094890514,292.363,249.00899999999993,163.01700000000002,0.47848101265822784,17.0
0_2012,0.00032956946523504156,204.0,0.24274973147153597,0.3639291465378422,291.4280000000001,1.2895044247787615,2012,0,0.0680628272251309,-0.27839959363494315,0.052148518982060965,1,1.61660294117647,1.530696335078534,1.4393583815028899,329.78699999999986,292.363,249.00899999999993,0.46236559139784944,20.0
0_2013,0.00028836969848034666,226.0,0.224609375,0.3484848484848485,301.7979999999997,1.3121652173913032,2013,0,0.10784313725490202,-0.1250108735811194,0.12093576526566219,0,1.2895044247787615,1.61660294117647,1.530696335078534,291.4280000000001,329.78699999999986,292.363,0.5208333333333334,13.0
0_2014,0.0003938356833628851,230.0,0.24288256227758007,0.37448559670781895,396.35299999999955,1.4518424908424892,2014,0,0.017699115044247815,0.36573185545611775,0.11602405376724434,0,1.3121652173913032,1.2895044247787615,1.61660294117647,301.7979999999997,291.4280000000001,329.78699999999986,0.5321100917431193,27.0
0_2015,0.0002165038348415705,273.0,0.21398483572030327,0.33553500660501984,295.5239999999999,1.1634803149606294,2015,0,0.18695652173913047,-0.4502686171225344,0.12107765451664032,1,1.4518424908424892,1.3121652173913032,1.2895044247787615,396.35299999999955,301.7979999999997,291.4280000000001,0.5298013245033113,26.0
0_2016,0.0002488549279421431,254.0,0.21860095389507153,0.3428927680798005,372.78699999999975,1.35558909090909,2016,0,-0.06959706959706957,0.14942503500802173,0.037319762510602095,0,1.1634803149606294,1.4518424908424892,1.3121652173913032,295.5239999999999,396.35299999999955,301.7979999999997,0.5797101449275363,34.0
0_2017,0.00020203672043410392,275.0,0.19626168224299065,0.322663252240717,364.37299999999993,1.445924603174603,2017,0,0.08267716535433078,-0.18813454045372202,0.07331698010357046,1,1.35558909090909,1.1634803149606294,1.4518424908424892,372.78699999999975,295.5239999999999,396.35299999999955,0.5714285714285714,22.0
0_2018,0.0002426742326129215,252.0,0.21343283582089553,0.35178351783517836,0.0,0.0,2018,0,-0.08363636363636362,0.20113923890420637,0.06500761808024369,0,1.445924603174603,1.35558909090909,1.1634803149606294,364.37299999999993,372.78699999999975,295.5239999999999,0.5758754863813229,39.0
1_2004,0.0005807741999602464,64.0,0.2627450980392157,0.3641304347826087,48.10299999999999,0.7179552238805968,2004,1,0.2075471698113207,-0.2417062610145787,0.16083916083916083,1,0.7459062500000001,0.7266792452830191,,47.73800000000001,38.51400000000001,,1.9669421487603307,4.0
1_2005,0.0004713750090129064,67.0,0.2569444444444444,0.36097560975609755,55.87800000000001,0.7551081081081082,2005,1,0.046875,-0.188367856138975,0.17349397590361448,0,0.7179552238805968,0.7459062500000001,0.7266792452830191,48.10299999999999,47.73800000000001,38.51400000000001,2.0386904761904763,1.0
1_2006,0.0006133464180569186,74.0,0.21580547112462006,0.33490566037735847,53.28500000000001,0.7504929577464791,2006,1,0.10447761194029859,0.3011856936185706,0.3613963039014374,0,0.7551081081081082,0.7179552238805968,0.7459062500000001,55.87800000000001,48.10299999999999,47.73800000000001,2.338345864661654,2.0
1_2007,0.0009502408045615542,71.0,0.2793733681462141,0.4246031746031746,108.04699999999995,1.0097850467289715,2007,1,-0.04054054054054057,0.5492726077571579,-0.13650075414781293,1,0.7504929577464791,0.7551081081081082,0.7179552238805968,53.28500000000001,55.87800000000001,48.10299999999999,3.385321100917431,11.0
1_2008,0.00042361941007964876,107.0,0.24764150943396226,0.3710247349823322,105.63200000000002,1.0060190476190478,2008,1,0.5070422535211268,-0.5541978327534474,0.46113537117903936,1,1.0097850467289715,0.7504929577464791,0.7551081081081082,108.04699999999995,53.28500000000001,55.87800000000001,3.703883495145631,6.0
1_2009,0.0003396250288982822,105.0,0.2546972860125261,0.3652694610778443,124.16799999999994,1.0177704918032782,2009,1,-0.01869158878504673,-0.19827793340624777,0.10579796772265393,0,1.0060190476190478,1.0097850467289715,0.7504929577464791,105.63200000000002,108.04699999999995,53.28500000000001,4.372781065088757,6.0
1_2010,0.00034414430784779327,122.0,0.2387218045112782,0.3587570621468927,123.91200000000003,0.975685039370079,2010,1,0.161904761904762,0.013306672256079954,0.09297297297297291,1,1.0177704918032782,1.0060190476190478,1.0097850467289715,124.16799999999994,105.63200000000002,108.04699999999995,4.011560693641618,8.0
1_2011,0.00041479266602393,127.0,0.2239057239057239,0.3481675392670157,163.503,1.229345864661654,2011,1,0.040983606557376984,0.20528701642039882,0.185459940652819,0,0.975685039370079,1.0177704918032782,1.0060190476190478,123.91200000000003,124.16799999999994,105.63200000000002,3.929936305732484,10.0
1_2012,0.00037127199016267874,133.0,0.2378716744913928,0.36893203883495146,203.10100000000006,1.3361907894736846,2012,1,0.04724409448818889,-0.10492151724481191,0.052148518982060965,0,1.229345864661654,0.975685039370079,1.0177704918032782,163.503,123.91200000000003,124.16799999999994,3.953020134228188,10.0
1_2013,0.00031649430512366154,152.0,0.2644628099173554,0.4025157232704403,185.07499999999987,0.963932291666666,2013,1,0.1428571428571428,-0.14754058073439769,0.12093576526566219,1,1.3361907894736846,1.229345864661654,0.975685039370079,203.10100000000006,163.503,123.91200000000003,4.4148148148148145,11.0
1_2014,0.00026023719274063863,192.0,0.23737373737373738,0.3533834586466165,186.70899999999992,0.9931329787234038,2014,1,0.26315789473684204,-0.17775078878920736,0.11602405376724434,1,0.963932291666666,1.3361907894736846,1.229345864661654,185.07499999999987,203.10100000000006,163.503,4.557251908396947,18.0
1_2015,0.00020718832832026753,188.0,0.22674418604651161,0.3391304347826087,212.91199999999998,1.0918564102564101,2015,1,-0.02083333333333337,-0.2038481274013797,0.12107765451664032,0,0.9931329787234038,0.963932291666666,1.3361907894736846,186.70899999999992,185.07499999999987,203.10100000000006,5.024793388429752,16.0
1_2016,0.00021649793090346668,195.0,0.2165948275862069,0.3441780821917808,241.90599999999995,1.203512437810945,2016,1,0.037234042553191404,0.04493304549862742,0.037319762510602095,0,1.0918564102564101,0.9931329787234038,0.963932291666666,212.91199999999998,186.70899999999992,185.07499999999987,6.009090909090909,12.0
1_2017,0.00018163475346082345,201.0,0.2,0.3288135593220339,231.01200000000006,1.1907835051546394,2017,1,0.03076923076923066,-0.16103238168215206,0.07331698010357046,0,1.203512437810945,1.0918564102564101,0.9931329787234038,241.90599999999995,212.91199999999998,186.70899999999992,7.273584905660377,21.0
1_2018,0.00024310513324592354,194.0,0.2101522842639594,0.3438538205980066,0.0,0.0,2018,1,-0.03482587064676612,0.33842851444373245,0.06500761808024369,0,1.1907835051546394,1.203512437810945,1.0918564102564101,231.01200000000006,241.90599999999995,212.91199999999998,10.529411764705882,24.0
2_2004,0.0008256297585982949,68.0,0.27526132404181186,0.3853658536585366,40.757,0.5159113924050632,2004,2,0.17241379310344818,-0.1994169453071596,0.16083916083916083,1,0.6292058823529411,0.7037241379310343,,42.785999999999994,40.81599999999999,,49.68181818181818,2.0
2_2005,0.0006171650461688986,79.0,0.2727272727272727,0.3950617283950617,55.59299999999999,0.5790937499999999,2005,2,0.16176470588235303,-0.2524917619046524,0.17349397590361448,0,0.5159113924050632,0.6292058823529411,0.7037241379310343,40.757,42.785999999999994,40.81599999999999,51.76470588235294,6.0
2_2006,0.0006852966709443648,96.0,0.25679012345679014,0.3727598566308244,37.25,0.3581730769230769,2006,2,0.21518987341772156,0.11039449689900405,0.3613963039014374,0,0.5790937499999999,0.5159113924050632,0.6292058823529411,55.59299999999999,40.757,42.785999999999994,57.0,1.0
2_2007,0.0005446047984135198,104.0,0.3004032258064516,0.4269340974212034,107.20699999999998,0.7195100671140938,2007,2,0.08333333333333326,-0.20530067997698898,-0.13650075414781293,1,0.3581730769230769,0.5790937499999999,0.5159113924050632,37.25,55.59299999999999,40.757,45.916666666666664,5.0
2_2008,0.0004719608707984534,149.0,0.26837606837606837,0.3829268292682927,111.65200000000003,0.71115923566879,2008,2,0.4326923076923077,-0.1333883355906602,0.46113537117903936,0,0.7195100671140938,0.3581730769230769,0.5790937499999999,107.20699999999998,37.25,55.59299999999999,43.166666666666664,7.0
2_2009,0.0003247310707133146,157.0,0.22153846153846155,0.32,105.07999999999998,0.7297222222222222,2009,2,0.05369127516778516,-0.31195340375582103,0.10579796772265393,0,0.71115923566879,0.7195100671140938,0.3581730769230769,111.65200000000003,107.20699999999998,37.25,45.166666666666664,5.0
2_2010,0.0005240790545011971,144.0,0.2720105124835742,0.4074803149606299,139.2150000000001,0.6725362318840584,2010,2,-0.08280254777070062,0.6138863871263947,0.09297297297297291,0,0.7297222222222222,0.71115923566879,0.7195100671140938,105.07999999999998,111.65200000000003,107.20699999999998,43.5,4.0
2_2011,0.00027907634723989814,207.0,0.22248520710059172,0.34879406307977734,119.69199999999998,0.636659574468085,2011,2,0.4375,-0.46749188916638784,0.185459940652819,1,0.6725362318840584,0.7297222222222222,0.71115923566879,139.2150000000001,105.07999999999998,111.65200000000003,49.333333333333336,4.0
2_2012,0.0004798997216654271,188.0,0.2795031055900621,0.40601503759398494,179.0530000000001,0.6631592592592597,2012,2,-0.09178743961352653,0.7196001252406325,0.052148518982060965,0,0.636659574468085,0.6725362318840584,0.7297222222222222,119.69199999999998,139.2150000000001,105.07999999999998,73.33333333333333,15.0
2_2013,0.00021722299026065206,270.0,0.2543778801843318,0.3760217983651226,175.83499999999998,0.6370833333333332,2013,2,0.43617021276595747,-0.5473575406403466,0.12093576526566219,1,0.6631592592592597,0.636659574468085,0.6725362318840584,179.0530000000001,119.69199999999998,139.2150000000001,74.33333333333333,9.0
2_2014,0.00029508363308532415,276.0,0.25079617834394907,0.36585365853658536,220.12500000000003,0.6988095238095239,2014,2,0.022222222222222143,0.3584364745704167,0.11602405376724434,0,0.6370833333333332,0.6631592592592597,0.636659574468085,175.83499999999998,179.0530000000001,119.69199999999998,79.7,13.0
2_2015,0.000232090520472038,315.0,0.22411242603550297,0.3389261744966443,234.71500000000023,0.7746369636963704,2015,2,0.14130434782608692,-0.21347545424544612,0.12107765451664032,1,0.6988095238095239,0.6370833333333332,0.6631592592592597,220.12500000000003,175.83499999999998,179.0530000000001,58.75,8.0
2_2016,0.00021906852738814108,303.0,0.22192513368983957,0.3494736842105263,215.10000000000014,0.6478915662650606,2016,2,-0.03809523809523807,-0.056107388864534924,0.037319762510602095,0,0.7746369636963704,0.6988095238095239,0.6370833333333332,234.71500000000023,220.12500000000003,175.83499999999998,76.125,19.0
2_2017,0.00022510319282034106,332.0,0.22601010101010102,0.3605236656596173,249.7650000000001,0.6976675977653634,2017,2,0.09570957095709565,0.02754693019644905,0.07331698010357046,1,0.6478915662650606,0.7746369636963704,0.6988095238095239,215.10000000000014,234.71500000000023,220.12500000000003,96.5,15.0
2_2018,0.00021692945577054311,358.0,0.21723518850987433,0.34472934472934474,0.0,0.0,2018,2,0.07831325301204828,-0.03631106670406736,0.06500761808024369,1,0.6976675977653634,0.6478915662650606,0.7746369636963704,249.7650000000001,215.10000000000014,234.71500000000023,109.2,22.0
3_2004,0.001516987638518021,62.0,0.34285714285714286,0.45652173913043476,65.08,0.7747619047619048,2004,3,0.631578947368421,-0.4289896550471962,0.16083916083916083,1,1.1222258064516126,1.060763157894737,,69.57799999999999,40.309000000000005,,4.665938864628821,10.0
3_2005,0.0010153554175293307,84.0,0.34718100890207715,0.4448669201520912,135.11000000000007,1.1547863247863255,2005,3,0.35483870967741926,-0.3306765383261435,0.17349397590361448,1,0.7747619047619048,1.1222258064516126,1.060763157894737,65.08,69.57799999999999,40.309000000000005,4.2305882352941175,8.0
3_2006,0.0009087688939730912,117.0,0.2379746835443038,0.31864406779661014,79.647,0.8473085106382979,2006,3,0.3928571428571428,-0.10497459482276361,0.3613963039014374,1,1.1547863247863255,0.7747619047619048,1.1222258064516126,135.11000000000007,65.08,69.57799999999999,4.454005934718101,12.0
3_2007,0.0009552670297876351,94.0,0.28024193548387094,0.39714285714285713,146.94399999999996,1.0571510791366903,2007,3,-0.19658119658119655,0.05116607327002187,-0.13650075414781293,0,0.8473085106382979,1.1547863247863255,0.7747619047619048,79.647,135.11000000000007,65.08,4.815217391304348,17.0
3_2008,0.000742532978916265,139.0,0.28618421052631576,0.4275184275184275,194.47499999999997,1.1176724137931033,2008,3,0.47872340425531923,-0.22269589992932448,0.46113537117903936,1,1.0571510791366903,0.8473085106382979,1.1547863247863255,146.94399999999996,79.647,135.11000000000007,4.888030888030888,16.0
3_2009,0.0006623642249674919,174.0,0.2681564245810056,0.3801980198019802,277.23999999999984,1.4439583333333326,2009,3,0.2517985611510791,-0.10796659034024347,0.10579796772265393,1,1.1176724137931033,1.0571510791366903,0.8473085106382979,194.47499999999997,146.94399999999996,79.647,5.586046511627907,19.0
3_2010,0.0006485960337249522,192.0,0.2834928229665072,0.39303482587064675,368.431,1.554561181434599,2010,3,0.10344827586206895,-0.02078643550414494,0.09297297297297291,1,1.4439583333333326,1.1176724137931033,1.0571510791366903,277.23999999999984,194.47499999999997,146.94399999999996,5.206422018348624,33.0
3_2011,0.000485561880239667,237.0,0.2689655172413793,0.3888888888888889,355.7820000000001,1.3032307692307696,2011,3,0.234375,-0.2513647093229412,0.185459940652819,1,1.554561181434599,1.4439583333333326,1.1176724137931033,368.431,277.23999999999984,194.47499999999997,5.58,19.0
3_2012,0.0004607712266606665,273.0,0.25446808510638297,0.3695920889987639,433.80600000000015,1.4508561872909704,2012,3,0.1518987341772151,-0.05105560091900985,0.052148518982060965,1,1.3032307692307696,1.554561181434599,1.4439583333333326,355.7820000000001,368.431,277.23999999999984,5.962765957446808,26.0
3_2013,0.00049608417159431,299.0,0.26288659793814434,0.38428417653390745,473.2249999999997,1.325560224089635,2013,3,0.09523809523809534,0.07663878057136064,0.12093576526566219,0,1.4508561872909704,1.3032307692307696,1.554561181434599,433.80600000000015,355.7820000000001,368.431,6.08235294117647,30.0
3_2014,0.0003676717143573937,357.0,0.25921219822109276,0.38345864661654133,570.1379999999994,1.3973970588235278,2014,3,0.19397993311036799,-0.2588521557223359,0.11602405376724434,1,1.325560224089635,1.4508561872909704,1.3032307692307696,473.2249999999997,433.80600000000015,355.7820000000001,6.236363636363636,45.0
3_2015,0.0003356274304055305,408.0,0.25598219254312743,0.37551020408163266,579.2799999999999,1.2593043478260866,2015,3,0.1428571428571428,-0.08715460749508364,0.12107765451664032,1,1.3973970588235278,1.325560224089635,1.4508561872909704,570.1379999999994,473.2249999999997,433.80600000000015,6.5394736842105265,59.0
3_2016,0.00031093525719142243,460.0,0.24329692154915591,0.36082474226804123,592.6149999999998,1.2094183673469383,2016,3,0.12745098039215685,-0.07357018818239358,0.037319762510602095,1,1.2593043478260866,1.3973970588235278,1.325560224089635,579.2799999999999,570.1379999999994,473.2249999999997,7.144927536231884,53.0
3_2017,0.00025823084753116295,490.0,0.21725239616613418,0.3338008415147265,637.8800000000001,1.3400840336134456,2017,3,0.0652173913043479,-0.1695028416408012,0.07331698010357046,0,1.2094183673469383,1.2593043478260866,1.3973970588235278,592.6149999999998,579.2799999999999,570.1379999999994,7.696296296296296,69.0
3_2018,0.00028006800896746063,476.0,0.21523320496362858,0.3424098025867937,0.0,0.0,2018,3,-0.02857142857142858,0.08456449585738368,0.06500761808024369,0,1.3400840336134456,1.2094183673469383,1.2593043478260866,637.8800000000001,592.6149999999998,579.2799999999999,8.395348837209303,68.0
4_2004,0.000840245026291538,48.0,0.22540983606557377,0.3503184713375796,43.191,0.7852909090909092,2004,4,-0.11111111111111116,-0.25780359061120683,0.16083916083916083,0,1.3087499999999999,0.8676666666666665,,62.81999999999999,46.85399999999999,,1.7950643776824033,1.0
4_2005,0.000502635046113307,55.0,0.26296296296296295,0.40804597701149425,42.871,0.6038169014084508,2005,4,0.14583333333333326,-0.4017994389901822,0.17349397590361448,0,0.7852909090909092,1.3087499999999999,0.8676666666666665,43.191,62.81999999999999,46.85399999999999,1.8502024291497976,0.0
4_2006,0.0005560653116251673,71.0,0.19148936170212766,0.3,49.29800000000001,0.9129259259259261,2006,4,0.290909090909091,0.1063003185412894,0.3613963039014374,0,0.6038169014084508,0.7852909090909092,1.3087499999999999,42.871,43.191,62.81999999999999,1.9759862778730704,2.0
4_2007,0.0007189560452748114,54.0,0.2897196261682243,0.42660550458715596,71.56700000000001,0.7695376344086022,2007,4,-0.23943661971830987,0.2929345352861097,-0.13650075414781293,0,0.9129259259259261,0.6038169014084508,0.7852909090909092,49.29800000000001,42.871,43.191,2.052738336713996,6.0
4_2008,0.000540108830637247,93.0,0.2561307901907357,0.3900414937759336,68.464,0.7283404255319149,2008,4,0.7222222222222223,-0.2487595949891519,0.46113537117903936,1,0.7695376344086022,0.9129259259259261,0.6038169014084508,71.56700000000001,49.29800000000001,42.871,2.1471215351812365,4.0
4_2009,0.0003201911424879644,94.0,0.27102803738317754,0.38283828382838286,104.806,0.9035,2009,4,0.010752688172043001,-0.40717291715044335,0.10579796772265393,0,0.7283404255319149,0.7695376344086022,0.9129259259259261,68.464,71.56700000000001,49.29800000000001,2.4055944055944054,5.0
4_2010,0.0004605973817568519,116.0,0.26239669421487605,0.3768545994065282,139.44800000000004,1.0980157480314963,2010,4,0.23404255319148937,0.4385075682540631,0.09297297297297291,1,0.9035,0.7283404255319149,0.7695376344086022,104.806,68.464,71.56700000000001,2.367149758454106,13.0
4_2011,0.0002667544296991168,127.0,0.21818181818181817,0.3305785123966942,119.771,0.9980916666666667,2011,4,0.09482758620689657,-0.42085118095626584,0.185459940652819,0,1.0980157480314963,0.9035,0.7283404255319149,139.44800000000004,104.806,68.464,2.371794871794872,5.0
4_2012,0.0002902648581458564,120.0,0.2188034188034188,0.3413333333333333,152.58600000000004,1.1920781250000003,2012,4,-0.055118110236220486,0.0881351004114832,0.052148518982060965,0,0.9980916666666667,1.0980157480314963,0.9035,119.771,139.44800000000004,104.806,2.636887608069164,17.0
4_2013,0.00036656379606485036,128.0,0.2279874213836478,0.36895674300254455,138.198,0.9530896551724138,2013,4,0.06666666666666665,0.2628597151111356,0.12093576526566219,0,1.1920781250000003,0.9980916666666667,1.0980157480314963,152.58600000000004,119.771,139.44800000000004,2.7685185185185186,15.0
4_2014,0.00026874915402395286,145.0,0.2341678939617084,0.3680555555555556,142.14899999999997,0.8940188679245281,2014,4,0.1328125,-0.2668420697596461,0.11602405376724434,1,0.9530896551724138,1.1920781250000003,0.9980916666666667,138.198,152.58600000000004,119.771,2.7961783439490446,19.0
4_2015,0.00023735385272182058,159.0,0.2530446549391069,0.38085539714867617,166.99300000000005,0.893010695187166,2015,4,0.096551724137931,-0.11682009350375144,0.12107765451664032,0,0.8940188679245281,0.9530896551724138,1.1920781250000003,142.14899999999997,138.198,152.58600000000004,3.0314685314685317,21.0
4_2016,0.00014452618895528373,187.0,0.20742637644046094,0.3188976377952756,148.28399999999996,0.9153333333333331,2016,4,0.17610062893081757,-0.3910939835273335,0.037319762510602095,1,0.893010695187166,0.8940188679245281,0.9530896551724138,166.99300000000005,142.14899999999997,138.198,3.337078651685393,16.0
4_2017,0.0002786105811453317,162.0,0.23446658851113716,0.36429872495446264,212.77799999999996,1.0638899999999998,2017,4,-0.1336898395721925,0.927751524891683,0.07331698010357046,0,0.9153333333333331,0.893010695187166,0.8940188679245281,148.28399999999996,166.99300000000005,142.14899999999997,3.4285714285714284,29.0
4_2018,0.0001642823455431536,200.0,0.2236842105263158,0.36042402826855124,0.0,0.0,2018,4,0.23456790123456783,-0.4103513769369048,0.06500761808024369,1,1.0638899999999998,0.9153333333333331,0.893010695187166,212.77799999999996,148.28399999999996,166.99300000000005,3.388185654008439,26.0
5_2004,0.002149780713986983,69.0,0.2857142857142857,0.40816326530612246,87.67400000000002,0.8767400000000002,2004,5,-0.09210526315789469,0.5803451056019686,0.16083916083916083,0,0.9587391304347826,0.9764210526315785,,66.153,74.20799999999997,,6.934959349593496,10.0
5_2005,0.0015198067632850242,100.0,0.3303769401330377,0.46855345911949686,167.56699999999995,1.1246107382550332,2005,5,0.4492753623188406,-0.29304102813984645,0.17349397590361448,1,0.8767400000000002,0.9587391304347826,0.9764210526315785,87.67400000000002,66.153,74.20799999999997,8.76842105263158,12.0
5_2006,0.0006388682153183474,149.0,0.2151394422310757,0.3025210084033613,94.789,0.8776759259259259,2006,5,0.49,-0.5796385232965737,0.3613963039014374,1,1.1246107382550332,0.8767400000000002,0.9587391304347826,167.56699999999995,87.67400000000002,66.153,9.306666666666667,6.0
5_2007,0.0008350363536469509,108.0,0.2947019867549669,0.4091954022988506,212.23799999999997,1.1923483146067415,2007,5,-0.2751677852348994,0.3070557176347444,-0.13650075414781293,0,0.8776759259259259,1.1246107382550332,0.8767400000000002,94.789,167.56699999999995,87.67400000000002,9.318181818181818,14.0
5_2008,0.0005223921808327571,178.0,0.23462088698140202,0.36444444444444446,206.02000000000007,1.2562195121951223,2008,5,0.6481481481481481,-0.37440785835101276,0.46113537117903936,1,1.1923483146067415,0.8776759259259259,1.1246107382550332,212.23799999999997,94.789,167.56699999999995,9.129032258064516,18.0
5_2009,0.0006240882466686271,164.0,0.25404732254047324,0.37362637362637363,229.45599999999996,1.12478431372549,2009,5,-0.0786516853932584,0.19467379024271403,0.10579796772265393,0,1.2562195121951223,1.1923483146067415,0.8776759259259259,206.02000000000007,212.23799999999997,94.789,9.929824561403509,14.0
5_2010,0.0005243503745070071,204.0,0.2773480662983425,0.40549273021001614,357.076,1.422613545816733,2010,5,0.24390243902439024,-0.15981373258352338,0.09297297297297291,1,1.12478431372549,1.2562195121951223,1.1923483146067415,229.45599999999996,206.02000000000007,212.23799999999997,9.127272727272727,19.0
5_2011,0.00041064628306828547,251.0,0.23732057416267943,0.352773826458037,370.5480000000004,1.4941451612903243,2011,5,0.23039215686274517,-0.21684754501343873,0.185459940652819,1,1.422613545816733,1.12478431372549,1.2562195121951223,357.076,229.45599999999996,206.02000000000007,10.083333333333334,26.0
5_2012,0.0004469638185680502,248.0,0.26338147833474934,0.3831891223733004,422.96799999999973,1.3644129032258057,2012,5,-0.01195219123505975,0.08843994697432955,0.052148518982060965,0,1.4941451612903243,1.422613545816733,1.12478431372549,370.5480000000004,357.076,229.45599999999996,9.717391304347826,28.0
5_2013,0.00038010019185194565,310.0,0.24962962962962962,0.376536312849162,528.4529999999995,1.568109792284865,2013,5,0.25,-0.1495951661821695,0.12093576526566219,1,1.3644129032258057,1.4941451612903243,1.422613545816733,422.96799999999973,370.5480000000004,357.076,10.024390243902438,28.0
5_2014,0.00029919884951151455,337.0,0.23446893787575152,0.3517034068136273,534.9429999999995,1.5240541310541298,2014,5,0.08709677419354844,-0.21284215076624668,0.11602405376724434,0,1.568109792284865,1.3644129032258057,1.4941451612903243,528.4529999999995,422.96799999999973,370.5480000000004,9.604651162790697,26.0
5_2015,0.00029096177375657786,351.0,0.22270742358078602,0.3416267942583732,501.3019999999993,1.4042072829131633,2015,5,0.041543026706231556,-0.02753043926600962,0.12107765451664032,0,1.5240541310541298,1.568109792284865,1.3644129032258057,534.9429999999995,528.4529999999995,422.96799999999973,10.0,46.0
5_2016,0.0003614875273750608,357.0,0.23403052572074617,0.3689839572192513,609.4169999999995,1.4720217391304335,2016,5,0.017094017094017033,0.2423883821848214,0.037319762510602095,0,1.4042072829131633,1.5240541310541298,1.568109792284865,501.3019999999993,534.9429999999995,528.4529999999995,11.969696969696969,60.0
5_2017,0.000253099806052275,414.0,0.23452256033578175,0.3669950738916256,594.8160000000004,1.3306845637583902,2017,5,0.1596638655462186,-0.29983806664047985,0.07331698010357046,1,1.4720217391304335,1.4042072829131633,1.5240541310541298,609.4169999999995,501.3019999999993,534.9429999999995,12.483870967741936,63.0
5_2018,0.0001962462109182529,447.0,0.2158920539730135,0.33410672853828305,0.0,0.0,2018,5,0.07971014492753614,-0.22462915330041622,0.06500761808024369,1,1.3306845637583902,1.4720217391304335,1.4042072829131633,594.8160000000004,609.4169999999995,501.3019999999993,12.0,71.0
6_2004,0.0007674639457585194,72.0,0.2646048109965636,0.3869346733668342,47.614,0.6183636363636363,2004,6,0.43999999999999995,-0.5232415497807297,0.16083916083916083,1,0.791,0.9572999999999996,,56.952000000000005,47.86499999999998,,2.1273584905660377,0.0
6_2005,0.0013198757763975154,77.0,0.33240997229916897,0.44609665427509293,106.66100000000003,0.8888416666666669,2005,6,0.06944444444444442,0.71978864113678,0.17349397590361448,0,0.6183636363636363,0.791,0.9572999999999996,47.614,56.952000000000005,47.86499999999998,2.3714710252600297,7.0
6_2006,0.0005119083566090436,120.0,0.21621621621621623,0.3087719298245614,51.95399999999998,0.5903863636363634,2006,6,0.5584415584415585,-0.6121541392279717,0.3613963039014374,1,0.8888416666666669,0.6183636363636363,0.791,106.66100000000003,47.614,56.952000000000005,2.5225563909774436,5.0
6_2007,0.000820362668049157,88.0,0.2669404517453799,0.38461538461538464,94.63500000000003,0.7279615384615388,2007,6,-0.2666666666666667,0.6025576794318428,-0.13650075414781293,0,0.5903863636363634,0.8888416666666669,0.6183636363636363,51.95399999999998,106.66100000000003,47.614,2.443207126948775,11.0
6_2008,0.0006155362116283563,130.0,0.2942176870748299,0.4424552429667519,161.72100000000006,0.9348034682080928,2008,6,0.4772727272727273,-0.24967793440416197,0.46113537117903936,1,0.7279615384615388,0.5903863636363634,0.8888416666666669,94.63500000000003,51.95399999999998,106.66100000000003,2.456470588235294,16.0
6_2009,0.00036589652076046475,173.0,0.23388305847076463,0.33986928104575165,132.85999999999999,0.8516666666666666,2009,6,0.3307692307692307,-0.4055645892992841,0.10579796772265393,1,0.9348034682080928,0.7279615384615388,0.5903863636363634,161.72100000000006,94.63500000000003,51.95399999999998,2.6,12.0
6_2010,0.0005615195045841489,156.0,0.2877604166666667,0.4018181818181818,242.7380000000001,1.0983619909502267,2010,6,-0.09826589595375723,0.5346401857473504,0.09297297297297291,0,0.8516666666666666,0.9348034682080928,0.7279615384615388,132.85999999999999,161.72100000000006,94.63500000000003,2.6266666666666665,19.0
6_2011,0.0003673129949308728,221.0,0.22107674684994272,0.3385964912280702,217.0849999999999,1.124792746113989,2011,6,0.41666666666666674,-0.34585888480775373,0.185459940652819,1,1.0983619909502267,0.8516666666666666,0.9348034682080928,242.7380000000001,132.85999999999999,161.72100000000006,2.679886685552408,19.0
6_2012,0.00041580153407056537,193.0,0.2308488612836439,0.3500784929356358,241.8030000000001,1.0843183856502248,2012,6,-0.12669683257918551,0.1320087767349969,0.052148518982060965,0,1.124792746113989,1.0983619909502267,0.8516666666666666,217.0849999999999,242.7380000000001,132.85999999999999,2.810725552050473,18.0
6_2013,0.000354556346499113,223.0,0.2504725897920605,0.3891336270190896,259.3449999999998,0.9786603773584898,2013,6,0.15544041450777213,-0.14729427997025735,0.12093576526566219,1,1.0843183856502248,1.124792746113989,1.0983619909502267,241.8030000000001,217.0849999999999,242.7380000000001,2.9152542372881354,26.0
6_2014,0.00025537534861816327,265.0,0.22707797772065125,0.351925630810093,268.6999999999999,1.013962264150943,2014,6,0.188340807174888,-0.2797326824361268,0.11602405376724434,1,0.9786603773584898,1.0843183856502248,1.124792746113989,259.3449999999998,241.8030000000001,217.0849999999999,2.9964912280701754,29.0
6_2015,0.0002427699809047346,265.0,0.22459016393442624,0.3407960199004975,261.91700000000026,0.9559014598540155,2015,6,0.0,-0.04936015861216181,0.12107765451664032,0,1.013962264150943,0.9786603773584898,1.0843183856502248,268.6999999999999,259.3449999999998,241.8030000000001,3.146153846153846,32.0
6_2016,0.00024599599637902057,274.0,0.22955738934733683,0.3621301775147929,362.78699999999986,1.1855784313725486,2016,6,0.03396226415094339,0.013288362351323357,0.037319762510602095,0,0.9559014598540155,1.013962264150943,0.9786603773584898,261.91700000000026,268.6999999999999,259.3449999999998,3.384297520661157,31.0
6_2017,0.00022926586824427238,306.0,0.22214435879467415,0.3534002229654404,376.76899999999966,1.18854574132492,2017,6,0.11678832116788329,-0.06800975780504614,0.07331698010357046,1,1.1855784313725486,0.9559014598540155,1.013962264150943,362.78699999999986,261.91700000000026,268.6999999999999,3.6228070175438596,32.0
6_2018,0.00023060477465946123,317.0,0.23148148148148148,0.3597122302158273,0.0,0.0,2018,6,0.03594771241830075,0.005839972715704356,0.06500761808024369,0,1.18854574132492,1.1855784313725486,0.9559014598540155,376.76899999999966,362.78699999999986,261.91700000000026,3.7116279069767444,59.0
7_2004,0.0018615807291237018,46.0,0.3062200956937799,0.43243243243243246,60.78299999999999,0.9497343749999998,2004,7,0.21052631578947367,-0.3251077035619625,0.16083916083916083,1,0.9465,1.3622631578947366,,43.539,51.76599999999999,,2.7007299270072993,2.0
7_2005,0.0009259888285024154,64.0,0.37410071942446044,0.48598130841121495,116.25100000000002,1.117798076923077,2005,7,0.3913043478260869,-0.5025792789881831,0.17349397590361448,1,0.9497343749999998,0.9465,1.3622631578947366,60.78299999999999,43.539,51.76599999999999,3.3923541247484907,6.0
7_2006,0.0003542166295997352,104.0,0.2246153846153846,0.3029045643153527,50.959,0.698068493150685,2006,7,0.625,-0.6174720269869743,0.3613963039014374,1,1.117798076923077,0.9497343749999998,0.9465,116.25100000000002,60.78299999999999,43.539,3.0598086124401913,2.0
7_2007,0.000724225629775277,73.0,0.25647668393782386,0.358695652173913,120.09499999999997,1.2130808080808078,2007,7,-0.29807692307692313,1.0445839332660691,-0.13650075414781293,0,0.698068493150685,1.117798076923077,0.9497343749999998,50.959,116.25100000000002,60.78299999999999,3.0804597701149423,10.0
7_2008,0.0007173650780125418,99.0,0.29606625258799174,0.45396825396825397,191.70399999999998,1.3405874125874124,2008,7,0.3561643835616439,-0.009472948043642071,0.46113537117903936,0,1.2130808080808078,0.698068493150685,1.117798076923077,120.09499999999997,50.959,116.25100000000002,3.0978593272171255,13.0
7_2009,0.0004819919020845303,143.0,0.2395644283121597,0.35294117647058826,195.68899999999996,1.482492424242424,2009,7,0.4444444444444444,-0.32810793714702746,0.10579796772265393,1,1.3405874125874124,1.2130808080808078,0.698068493150685,191.70399999999998,120.09499999999997,50.959,3.1578947368421053,13.0
7_2010,0.000601088244406588,132.0,0.2474747474747475,0.34834123222748814,268.107,1.823857142857143,2010,7,-0.07692307692307687,0.2470919984484945,0.09297297297297291,0,1.482492424242424,1.3405874125874124,1.2130808080808078,195.68899999999996,191.70399999999998,120.09499999999997,2.983164983164983,15.0
7_2011,0.00036551394064741205,147.0,0.24927953890489912,0.3827433628318584,286.61699999999996,1.6567456647398842,2011,7,0.11363636363636354,-0.39191301102842535,0.185459940652819,0,1.823857142857143,1.482492424242424,1.3405874125874124,268.107,195.68899999999996,191.70399999999998,3.272727272727273,11.0
7_2012,0.0004012583499754484,173.0,0.2352185089974293,0.36381709741550694,262.15200000000004,1.4325245901639347,2012,7,0.1768707482993197,0.09779219163221109,0.052148518982060965,1,1.6567456647398842,1.823857142857143,1.482492424242424,286.61699999999996,268.107,195.68899999999996,3.708502024291498,9.0
7_2013,0.0003233926344465961,183.0,0.23493975903614459,0.35390199637023595,228.65899999999993,1.172610256410256,2013,7,0.05780346820809257,-0.1940538197737608,0.12093576526566219,0,1.4325245901639347,1.6567456647398842,1.823857142857143,262.15200000000004,286.61699999999996,268.107,4.567099567099567,16.0
7_2014,0.0003018715420956754,195.0,0.2550693703308431,0.3873581847649919,316.7489999999999,1.325309623430962,2014,7,0.06557377049180335,-0.06654787418936903,0.11602405376724434,0,1.172610256410256,1.4325245901639347,1.6567456647398842,228.65899999999993,262.15200000000004,286.61699999999996,4.378378378378378,19.0
7_2015,0.00030460650728519754,239.0,0.23449612403100775,0.35798816568047337,411.98899999999963,1.702433884297519,2015,7,0.22564102564102573,0.009060029874082387,0.12107765451664032,1,1.325309623430962,1.172610256410256,1.4325245901639347,316.7489999999999,228.65899999999993,262.15200000000004,4.71356783919598,18.0
7_2016,0.00018369323922231908,242.0,0.20241411327762301,0.31187410586552217,338.63299999999987,1.5533623853211003,2016,7,0.012552301255230214,-0.3969490643536041,0.037319762510602095,0,1.702433884297519,1.325309623430962,1.172610256410256,411.98899999999963,316.7489999999999,228.65899999999993,5.108247422680412,21.0
7_2017,0.00030043433578131684,218.0,0.2345890410958904,0.37329700272479566,381.0539999999996,1.3907080291970788,2017,7,-0.09917355371900827,0.6355220097006895,0.07331698010357046,0,1.5533623853211003,1.702433884297519,1.325309623430962,338.63299999999987,411.98899999999963,316.7489999999999,6.214689265536723,39.0
7_2018,0.0002317957168282543,274.0,0.23385826771653542,0.376425855513308,0.0,0.0,2018,7,0.25688073394495414,-0.22846462863360562,0.06500761808024369,1,1.3907080291970788,1.5533623853211003,1.702433884297519,381.0539999999996,338.63299999999987,411.98899999999963,7.975903614457831,24.0
8_2004,0.000918370275415419,34.0,0.19230769230769232,0.2717391304347826,15.290000000000004,0.6116000000000001,2004,8,0.030303030303030276,0.31817148337970913,0.16083916083916083,0,0.6199117647058823,0.7141818181818184,,21.076999999999998,23.568000000000005,,1.0729613733905579,4.0
8_2005,0.000636231884057971,25.0,0.2808219178082192,0.41,32.383,0.789829268292683,2005,8,-0.2647058823529411,-0.3072163798309179,0.17349397590361448,0,0.6116000000000001,0.6199117647058823,0.7141818181818184,15.290000000000004,21.076999999999998,23.568000000000005,1.0823211875843455,0.0
8_2006,0.0012727225860618234,41.0,0.2962962962962963,0.45901639344262296,31.806,0.5679642857142857,2006,8,0.6399999999999999,1.0004067981381732,0.3613963039014374,1,0.789829268292683,0.6116000000000001,0.6199117647058823,32.383,15.290000000000004,21.076999999999998,1.0960548885077186,1.0
8_2007,0.00027352435713359936,56.0,0.2315270935960591,0.3263888888888889,38.275,0.8143617021276596,2007,8,0.36585365853658547,-0.7850872137187697,-0.13650075414781293,1,0.5679642857142857,0.789829268292683,0.6116000000000001,31.806,32.383,15.290000000000004,1.1257606490872212,1.0
8_2008,0.0005289937944860387,47.0,0.3130081300813008,0.42777777777777776,68.00100000000002,0.8831298701298704,2008,8,-0.1607142857142857,0.9339915466016746,0.46113537117903936,0,0.8143617021276596,0.5679642857142857,0.789829268292683,38.275,31.806,32.383,1.0341151385927505,5.0
8_2009,0.0005571368423225333,77.0,0.2870967741935484,0.41784037558685444,132.27100000000002,1.4861910112359553,2009,8,0.6382978723404256,0.05320109258339789,0.10579796772265393,1,0.8831298701298704,0.8143617021276596,0.5679642857142857,68.00100000000002,38.275,31.806,1.083916083916084,3.0
8_2010,0.0003282419335125961,89.0,0.21574344023323616,0.30833333333333335,80.66999999999999,1.090135135135135,2010,8,0.1558441558441559,-0.41084145118772664,0.09297297297297291,1,1.4861910112359553,0.8831298701298704,0.8143617021276596,132.27100000000002,68.00100000000002,38.275,1.0990338164251208,8.0
8_2011,0.0006138421486207097,74.0,0.23872679045092837,0.3557312252964427,149.39800000000005,1.6599777777777784,2011,8,-0.1685393258426966,0.8700905824305774,0.185459940652819,0,1.090135135135135,1.4861910112359553,0.8831298701298704,80.66999999999999,132.27100000000002,68.00100000000002,1.005128205128205,7.0
8_2012,0.0002686372804800867,90.0,0.18719211822660098,0.31666666666666665,101.59099999999997,1.336723684210526,2012,8,0.21621621621621623,-0.5623674896164934,0.052148518982060965,1,1.6599777777777784,1.090135135135135,1.4861910112359553,149.39800000000005,80.66999999999999,132.27100000000002,1.037463976945245,3.0
8_2013,0.0003603165935253993,76.0,0.2505694760820046,0.39855072463768115,102.728,0.933890909090909,2013,8,-0.15555555555555556,0.3412754658678452,0.12093576526566219,0,1.336723684210526,1.6599777777777784,1.090135135135135,101.59099999999997,149.39800000000005,80.66999999999999,1.0061728395061729,7.0
8_2014,0.00020048869118476285,110.0,0.2391304347826087,0.3716216216216216,114.31799999999994,1.039254545454545,2014,8,0.44736842105263164,-0.4435763026533218,0.11602405376724434,1,0.933890909090909,1.336723684210526,1.6599777777777784,102.728,101.59099999999997,149.39800000000005,1.015923566878981,6.0
8_2015,0.00022515928909531686,110.0,0.2248995983935743,0.3373493975903614,109.838,0.9806964285714285,2015,8,0.0,0.12305231664073513,0.12107765451664032,0,1.039254545454545,0.933890909090909,1.336723684210526,114.31799999999994,102.728,101.59099999999997,1.0174825174825175,7.0
8_2016,0.0003176516989685369,112.0,0.2765957446808511,0.4126984126984127,160.96099999999998,1.0318012820512819,2016,8,0.018181818181818077,0.4107865602385392,0.037319762510602095,0,0.9806964285714285,1.039254545454545,0.933890909090909,109.838,114.31799999999994,102.728,1.104868913857678,12.0
8_2017,0.00018292555087322054,156.0,0.23270440251572327,0.3557692307692308,207.76200000000006,1.4037972972972976,2017,8,0.3928571428571428,-0.4241316779755706,0.07331698010357046,1,1.0318012820512819,0.9806964285714285,1.039254545454545,160.96099999999998,109.838,114.31799999999994,1.1031746031746033,15.0
8_2018,0.00019119890209341555,148.0,0.21609538002980627,0.32293986636971045,0.0,0.0,2018,8,-0.05128205128205132,0.04522796941543161,0.06500761808024369,0,1.4037972972972976,1.0318012820512819,0.9806964285714285,207.76200000000006,160.96099999999998,109.838,1.1012658227848102,11.0
9_2004,0.001645368497644947,71.0,0.3,0.4166666666666667,75.02399999999997,0.8335999999999997,2004,9,0.290909090909091,-0.42185879271048266,0.16083916083916083,1,0.9505211267605637,0.7948727272727275,,67.48700000000002,43.71800000000001,,7.710843373493976,10.0
9_2005,0.0024472624798711757,90.0,0.32360742705570295,0.43109540636042404,117.819,0.9657295081967213,2005,9,0.267605633802817,0.48736437057959825,0.17349397590361448,1,0.8335999999999997,0.9505211267605637,0.7948727272727275,75.02399999999997,67.48700000000002,43.71800000000001,9.196969696969697,20.0
9_2006,0.001135735031872357,122.0,0.25877192982456143,0.3575757575757576,83.85300000000002,0.7106186440677968,2006,9,0.3555555555555556,-0.5359161343689859,0.3613963039014374,0,0.9657295081967213,0.8335999999999997,0.9505211267605637,117.819,75.02399999999997,67.48700000000002,10.673076923076923,13.0
9_2007,0.0011605848876530265,118.0,0.2927689594356261,0.4088669950738916,187.20400000000004,1.1277349397590364,2007,9,-0.032786885245901676,0.02187997647629336,-0.13650075414781293,1,0.7106186440677968,0.9657295081967213,0.8335999999999997,83.85300000000002,117.819,75.02399999999997,11.622222222222222,34.0
9_2008,0.0008960460610240811,166.0,0.28633093525179854,0.41200828157349895,230.891,1.1602562814070352,2008,9,0.4067796610169492,-0.22793578431294637,0.46113537117903936,0,1.1277349397590364,0.7106186440677968,0.9657295081967213,187.20400000000004,83.85300000000002,117.819,12.463414634146341,33.0
9_2009,0.0008419613994329395,199.0,0.25766871165644173,0.3652173913043478,256.52,1.2215238095238095,2009,9,0.1987951807228916,-0.06035924261452452,0.10579796772265393,1,1.1602562814070352,1.1277349397590364,0.7106186440677968,230.891,187.20400000000004,83.85300000000002,13.179487179487179,38.0
9_2010,0.0006348445890698261,210.0,0.26744186046511625,0.3821752265861027,302.616,1.196110671936759,2010,9,0.055276381909547645,-0.24599323734152956,0.09297297297297291,0,1.2215238095238095,1.1602562814070352,1.1277349397590364,256.52,230.891,187.20400000000004,15.470588235294118,42.0
9_2011,0.0006345883278470921,253.0,0.2736842105263158,0.40258064516129033,369.2310000000002,1.183432692307693,2011,9,0.2047619047619047,-0.00040365977303113976,0.185459940652819,1,1.196110671936759,1.2215238095238095,1.1602562814070352,302.616,256.52,230.891,15.971428571428572,51.0
9_2012,0.0004942820887581778,312.0,0.25478194338179033,0.37082405345211583,453.4509999999999,1.3617147147147144,2012,9,0.23320158102766797,-0.22109804566516067,0.052148518982060965,1,1.183432692307693,1.196110671936759,1.2215238095238095,369.2310000000002,302.616,256.52,19.029411764705884,60.0
9_2013,0.0004513038264836173,333.0,0.24574540503744044,0.3588469184890656,407.6129999999999,1.1291218836565093,2013,9,0.06730769230769229,-0.08695087937039758,0.12093576526566219,0,1.3617147147147144,1.183432692307693,1.196110671936759,453.4509999999999,369.2310000000002,302.616,27.137931034482758,60.0
9_2014,0.0004685974936363124,361.0,0.25281899109792283,0.38035714285714284,537.8869999999997,1.2626455399061025,2014,9,0.08408408408408419,0.03831934527885705,0.11602405376724434,0,1.1291218836565093,1.3617147147147144,1.183432692307693,407.6129999999999,453.4509999999999,369.2310000000002,27.8,78.0
9_2015,0.0003515138666423406,426.0,0.2317596566523605,0.35438884331419196,510.2159999999991,1.1810555555555535,2015,9,0.18005540166204992,-0.2498596953334169,0.12107765451664032,1,1.2626455399061025,1.1291218836565093,1.3617147147147144,537.8869999999997,407.6129999999999,453.4509999999999,35.6,73.0
9_2016,0.00037002736293293364,432.0,0.23958843704066635,0.36302895322939865,539.6389999999999,1.1035562372188137,2016,9,0.014084507042253502,0.05266789747850886,0.037319762510602095,0,1.1810555555555535,1.2626455399061025,1.1291218836565093,510.2159999999991,537.8869999999997,407.6129999999999,41.166666666666664,112.0
9_2017,0.00034905283364016545,489.0,0.23545210384959714,0.36351071181755357,633.3420000000007,1.204072243346009,2017,9,0.13194444444444442,-0.05668372502649155,0.07331698010357046,1,1.1035562372188137,1.1810555555555535,1.2626455399061025,539.6389999999999,510.2159999999991,537.8869999999997,47.833333333333336,120.0
9_2018,0.00033742930870926267,526.0,0.2429264349232013,0.3719059405940594,0.0,0.0,2018,9,0.0756646216768917,-0.03330018785318134,0.06500761808024369,1,1.204072243346009,1.1035562372188137,1.1810555555555535,633.3420000000007,539.6389999999999,510.2159999999991,56.375,155.0
10_2004,0.0016043599726405676,61.0,0.23465703971119134,0.37790697674418605,61.628,0.948123076923077,2004,10,0.326086956521739,0.48226830017303435,0.16083916083916083,1,0.702344262295082,0.6375652173913045,,42.842999999999996,29.328000000000003,,2.5731857318573184,5.0
10_2005,0.00036138981791155705,65.0,0.25245901639344265,0.3793103448275862,53.705,0.6974675324675325,2005,10,0.06557377049180335,-0.7747451793397984,0.17349397590361448,0,0.948123076923077,0.702344262295082,0.6375652173913045,61.628,42.842999999999996,29.328000000000003,2.7466266866566715,3.0
10_2006,0.0004171490923208293,77.0,0.22429906542056074,0.3364485981308411,32.802,0.45558333333333334,2006,10,0.18461538461538463,0.15429121587182704,0.3613963039014374,0,0.6974675324675325,0.948123076923077,0.702344262295082,53.705,61.628,42.842999999999996,2.7169117647058822,7.0
10_2007,0.0007711049056149267,72.0,0.2587601078167116,0.39183673469387753,87.11699999999998,0.9074687499999997,2007,10,-0.06493506493506496,0.8485115269575367,-0.13650075414781293,1,0.45558333333333334,0.6974675324675325,0.948123076923077,32.802,53.705,61.628,2.9017857142857144,9.0
10_2008,0.0005055807907839344,96.0,0.2773892773892774,0.4146341463414634,78.24000000000001,0.6574789915966387,2008,10,0.33333333333333326,-0.3443424012706118,0.46113537117903936,0,0.9074687499999997,0.45558333333333334,0.6974675324675325,87.11699999999998,32.802,53.705,2.874109263657957,11.0
10_2009,0.0003547615204369243,119.0,0.23044397463002114,0.33641975308641975,107.66199999999999,0.9877247706422018,2009,10,0.23958333333333326,-0.2983089411153368,0.10579796772265393,1,0.6574789915966387,0.9074687499999997,0.45558333333333334,78.24000000000001,87.11699999999998,32.802,3.08355795148248,18.0
10_2010,0.0003686067334760544,109.0,0.27472527472527475,0.3968253968253968,143.38700000000003,0.9559133333333335,2010,10,-0.08403361344537819,0.039026817288634774,0.09297297297297291,0,0.9877247706422018,0.6574789915966387,0.9074687499999997,107.66199999999999,78.24000000000001,87.11699999999998,3.0948509485094853,13.0
10_2011,0.0003310401528249646,150.0,0.21911037891268534,0.3392857142857143,142.41300000000004,1.0707744360902258,2011,10,0.37614678899082565,-0.10191506893221258,0.185459940652819,1,0.9559133333333335,0.9877247706422018,0.6574789915966387,143.38700000000003,107.66199999999999,78.24000000000001,3.2772861356932155,21.0
10_2012,0.0002457687060744925,133.0,0.22458270106221548,0.3433874709976798,139.46200000000005,0.9423108108108111,2012,10,-0.11333333333333329,-0.257586416701417,0.052148518982060965,0,1.0707744360902258,0.9559133333333335,0.9877247706422018,142.41300000000004,143.38700000000003,107.66199999999999,3.5787781350482315,14.0
10_2013,0.00025069755627910105,148.0,0.20937042459736457,0.33726415094339623,123.34999999999995,0.8625874125874122,2013,10,0.11278195488721798,0.02005483238014283,0.12093576526566219,0,0.9423108108108111,1.0707744360902258,0.9559133333333335,139.46200000000005,142.41300000000004,143.38700000000003,3.910344827586207,21.0
10_2014,0.0002934619690679979,143.0,0.23056300268096513,0.3714902807775378,195.0259999999999,1.1338720930232553,2014,10,-0.03378378378378377,0.17058168984019662,0.11602405376724434,0,0.8625874125874122,0.9423108108108111,1.0707744360902258,123.34999999999995,139.46200000000005,142.41300000000004,4.083333333333333,17.0
10_2015,0.0002951469676226091,172.0,0.23393316195372751,0.36619718309859156,256.51600000000013,1.4094285714285721,2015,10,0.2027972027972027,0.0057417952996177135,0.12107765451664032,1,1.1338720930232553,0.8625874125874122,0.9423108108108111,195.0259999999999,123.34999999999995,139.46200000000005,4.5,33.0
10_2016,0.00025410855773615263,182.0,0.2508710801393728,0.37894736842105264,234.5520000000001,1.0858888888888893,2016,10,0.058139534883721034,-0.13904398278938235,0.037319762510602095,1,1.4094285714285721,1.1338720930232553,0.8625874125874122,256.51600000000013,195.0259999999999,123.34999999999995,5.038297872340426,37.0
10_2017,0.00024416280548741713,216.0,0.24068157614483493,0.36217948717948717,227.8970000000002,1.0083938053097354,2017,10,0.18681318681318682,-0.0391397768628573,0.07331698010357046,1,1.0858888888888893,1.4094285714285721,1.1338720930232553,234.5520000000001,256.51600000000013,195.0259999999999,5.650224215246637,51.0
10_2018,0.00023233392645726934,226.0,0.23017408123791103,0.35,0.0,0.0,2018,10,0.04629629629629628,-0.04844668706412525,0.06500761808024369,0,1.0083938053097354,1.0858888888888893,1.4094285714285721,227.8970000000002,234.5520000000001,256.51600000000013,6.127962085308057,56.0
11_2004,0.000690070457512318,37.0,0.24675324675324675,0.38,14.969999999999999,0.3939473684210526,2004,11,0.48,-0.5112400059071858,0.16083916083916083,1,0.5524324324324323,1.3218800000000002,,20.439999999999998,33.047000000000004,,6.530612244897959,3.0
11_2005,0.0007691329773709636,38.0,0.3251231527093596,0.46808510638297873,36.617999999999995,0.5548181818181818,2005,11,0.027027027027026973,0.11457166293375831,0.17349397590361448,0,0.3939473684210526,0.5524324324324323,1.3218800000000002,14.969999999999999,20.439999999999998,33.047000000000004,6.116022099447513,4.0
11_2006,0.0005001132331848721,66.0,0.22065727699530516,0.31125827814569534,36.51899999999999,0.7769999999999998,2006,11,0.736842105263158,-0.34977013351533826,0.3613963039014374,1,0.5548181818181818,0.3939473684210526,0.5524324324324323,36.617999999999995,14.969999999999999,20.439999999999998,6.415492957746479,2.0
11_2007,0.0007187378492064428,47.0,0.21991701244813278,0.3192771084337349,56.77000000000002,1.0711320754716984,2007,11,-0.28787878787878785,0.43715023221701843,-0.13650075414781293,0,0.7769999999999998,0.5548181818181818,0.3939473684210526,36.51899999999999,36.617999999999995,14.969999999999999,6.805084745762712,6.0
11_2008,0.0010774286186535271,53.0,0.26353790613718414,0.42196531791907516,78.01700000000001,1.0687260273972603,2008,11,0.12765957446808507,0.4990564638318604,0.46113537117903936,0,1.0711320754716984,0.7769999999999998,0.5548181818181818,56.77000000000002,36.51899999999999,36.617999999999995,6.526785714285714,11.0
11_2009,0.0005681044073846088,73.0,0.26006191950464397,0.4,111.47500000000001,1.3270833333333334,2009,11,0.37735849056603765,-0.47272199981603014,0.10579796772265393,1,1.0687260273972603,1.0711320754716984,0.7769999999999998,78.01700000000001,56.77000000000002,36.51899999999999,8.01086956521739,7.0
11_2010,0.00036968653381802194,84.0,0.22356495468277945,0.3203463203463203,136.451,1.8439324324324324,2010,11,0.15068493150684925,-0.3492630421229196,0.09297297297297291,1,1.3270833333333334,1.0687260273972603,1.0711320754716984,111.47500000000001,78.01700000000001,56.77000000000002,7.126315789473685,14.0
11_2011,0.0005542061666546305,74.0,0.25065963060686014,0.37549407114624506,118.16100000000003,1.2438000000000002,2011,11,-0.11904761904761907,0.49912457164977053,0.185459940652819,0,1.8439324324324324,1.3270833333333334,1.0687260273972603,136.451,111.47500000000001,78.01700000000001,7.623529411764705,12.0
11_2012,0.0005041082811934972,95.0,0.2400932400932401,0.3786764705882353,144.35,1.4014563106796116,2012,11,0.28378378378378377,-0.09039575608395078,0.052148518982060965,1,1.2438000000000002,1.8439324324324324,1.3270833333333334,118.16100000000003,136.451,111.47500000000001,8.296296296296296,13.0
11_2013,0.0003630727122928042,103.0,0.23440860215053763,0.3550488599348534,146.80900000000005,1.346871559633028,2013,11,0.08421052631578951,-0.27977237066367056,0.12093576526566219,0,1.4014563106796116,1.2438000000000002,1.8439324324324324,144.35,118.16100000000003,136.451,9.52112676056338,13.0
11_2014,0.0003242471733866057,109.0,0.2485207100591716,0.3727810650887574,153.98799999999986,1.222126984126983,2014,11,0.058252427184465994,-0.10693598717737618,0.11602405376724434,0,1.346871559633028,1.4014563106796116,1.2438000000000002,146.80900000000005,144.35,118.16100000000003,9.577464788732394,17.0
11_2015,0.00044109260015472705,126.0,0.2390158172231986,0.3665768194070081,251.32400000000007,1.8479705882352946,2015,11,0.15596330275229353,0.3603591221712963,0.12107765451664032,1,1.222126984126983,1.346871559633028,1.4014563106796116,153.98799999999986,146.80900000000005,144.35,10.238805970149254,25.0
11_2016,0.00034502512824518915,136.0,0.24281150159744408,0.3671497584541063,216.66,1.4253947368421052,2016,11,0.0793650793650793,-0.21779434040797607,0.037319762510602095,1,1.8479705882352946,1.222126984126983,1.346871559633028,251.32400000000007,153.98799999999986,146.80900000000005,12.379310344827585,35.0
11_2017,0.00027085036794766967,152.0,0.22861356932153393,0.34988713318284426,221.7280000000001,1.4305032258064523,2017,11,0.11764705882352944,-0.21498364677023707,0.07331698010357046,1,1.4253947368421052,1.8479705882352946,1.222126984126983,216.66,251.32400000000007,153.98799999999986,12.931034482758621,42.0
11_2018,0.00025761824829733613,155.0,0.21408839779005526,0.3354978354978355,0.0,0.0,2018,11,0.019736842105263053,-0.048853984399571115,0.06500761808024369,0,1.4305032258064523,1.4253947368421052,1.8479705882352946,221.7280000000001,216.66,251.32400000000007,13.6,42.0
12_2004,0.0006613541497262428,40.0,0.2889908256880734,0.44680851063829785,53.956999999999994,0.8564603174603174,2004,12,0.05263157894736836,0.2580902555101765,0.16083916083916083,0,0.7688499999999998,0.42342105263157903,,30.753999999999994,16.090000000000003,,3.3835403726708075,3.0
12_2005,0.0004899930986887508,63.0,0.285140562248996,0.40804597701149425,66.818,0.9410985915492958,2005,12,0.575,-0.25910633676136174,0.17349397590361448,1,0.8564603174603174,0.7688499999999998,0.42342105263157903,53.956999999999994,30.753999999999994,16.090000000000003,3.487619047619048,10.0
12_2006,0.0024007561637660185,71.0,0.22344322344322345,0.3128205128205128,69.529,1.1398196721311475,2006,12,0.12698412698412698,3.8995713821083955,0.3613963039014374,0,0.9410985915492958,0.8564603174603174,0.7688499999999998,66.818,53.956999999999994,30.753999999999994,3.6767441860465118,6.0
12_2007,0.0005622805372319147,61.0,0.2586750788643533,0.38317757009345793,113.45799999999998,1.3836341463414632,2007,12,-0.14084507042253525,-0.7657902348775494,-0.13650075414781293,0,1.1398196721311475,0.9410985915492958,0.8564603174603174,69.529,66.818,53.956999999999994,3.9126760563380283,10.0
12_2008,0.00038277826089122856,82.0,0.2452316076294278,0.38626609442060084,99.322,1.1035777777777778,2008,12,0.34426229508196715,-0.3192397112380395,0.46113537117903936,0,1.3836341463414632,1.1398196721311475,0.9410985915492958,113.45799999999998,69.529,66.818,4.095522388059702,13.0
12_2009,0.0006569789179024686,90.0,0.23618090452261306,0.3533834586466165,169.82400000000004,1.8066382978723408,2009,12,0.09756097560975618,0.716343337714149,0.10579796772265393,0,1.1035777777777778,1.3836341463414632,1.1398196721311475,99.322,113.45799999999998,69.529,4.822525597269625,5.0
12_2010,0.0003803984082573792,94.0,0.26681614349775784,0.3927392739273927,229.7400000000001,1.9305882352941184,2010,12,0.04444444444444451,-0.42098840938172843,0.09297297297297291,0,1.8066382978723408,1.1035777777777778,1.3836341463414632,169.82400000000004,99.322,113.45799999999998,5.034364261168385,14.0
12_2011,0.00031211991500828406,119.0,0.23306772908366533,0.35454545454545455,166.92,1.4266666666666665,2011,12,0.26595744680851063,-0.17949205823936465,0.185459940652819,1,1.9305882352941184,1.8066382978723408,1.1035777777777778,229.7400000000001,169.82400000000004,99.322,5.4344569288389515,11.0
12_2012,0.0003014434846586631,117.0,0.22365988909426987,0.3389355742296919,153.23900000000003,1.266438016528926,2012,12,-0.01680672268907568,-0.0342061811382256,0.052148518982060965,0,1.4266666666666665,1.9305882352941184,1.8066382978723408,166.92,229.7400000000001,169.82400000000004,6.008130081300813,14.0
12_2013,0.00039330953702920425,121.0,0.24707846410684475,0.38341968911917096,175.44599999999997,1.1854459459459457,2013,12,0.03418803418803429,0.30475381637312493,0.12093576526566219,0,1.266438016528926,1.4266666666666665,1.9305882352941184,153.23900000000003,166.92,229.7400000000001,6.435555555555555,19.0
12_2014,0.0002030691585121813,148.0,0.24287856071964017,0.37587006960556846,189.50099999999992,1.1697592592592587,2014,12,0.22314049586776852,-0.48369124215489623,0.11602405376724434,1,1.1854459459459457,1.266438016528926,1.4266666666666665,175.44599999999997,153.23900000000003,166.92,6.474885844748859,13.0
12_2015,0.0002196688372225997,162.0,0.24725274725274726,0.3673469387755102,276.025,1.5334722222222221,2015,12,0.09459459459459452,0.08174396758246605,0.12107765451664032,0,1.1697592592592587,1.1854459459459457,1.266438016528926,189.50099999999992,175.44599999999997,153.23900000000003,6.893939393939394,24.0
12_2016,0.00019777938279371145,180.0,0.21262886597938144,0.3254437869822485,248.333,1.5050484848484849,2016,12,0.11111111111111116,-0.09964751808062211,0.037319762510602095,1,1.5334722222222221,1.1697592592592587,1.1854459459459457,276.025,189.50099999999992,175.44599999999997,7.435483870967742,31.0
12_2017,0.00020144205753363562,165.0,0.2321219226260258,0.36464088397790057,263.05600000000015,1.3285656565656574,2017,12,-0.08333333333333337,0.018518991657206385,0.07331698010357046,0,1.5050484848484849,1.5334722222222221,1.1697592592592587,248.333,276.025,189.50099999999992,7.553672316384181,30.0
12_2018,0.0001984949320273955,198.0,0.19428571428571428,0.31894934333958724,0.0,0.0,2018,12,0.19999999999999996,-0.014630140013080606,0.06500761808024369,1,1.3285656565656574,1.5050484848484849,1.5334722222222221,263.05600000000015,248.333,276.025,7.266272189349112,29.0
13_2004,0.0008278483129754087,43.0,0.20207253886010362,0.3046875,27.590999999999998,0.7074615384615384,2004,13,-0.06521739130434778,-0.022857169986728265,0.16083916083916083,0,0.794720930232558,1.0044565217391301,,34.172999999999995,46.20499999999999,,7.95,3.0
13_2005,0.0006518642388207605,39.0,0.215311004784689,0.3543307086614173,41.92700000000001,0.9317111111111113,2005,13,-0.09302325581395354,-0.21258009637313324,0.17349397590361448,0,0.7074615384615384,0.794720930232558,1.0044565217391301,27.590999999999998,34.172999999999995,46.20499999999999,8.559139784946236,1.0
13_2006,0.0004126720515336806,45.0,0.16019417475728157,0.28205128205128205,18.215,0.551969696969697,2006,13,0.15384615384615374,-0.36693558726244113,0.3613963039014374,0,0.9317111111111113,0.7074615384615384,0.794720930232558,41.92700000000001,27.590999999999998,34.172999999999995,9.72972972972973,3.0
13_2007,0.001851651508189077,33.0,0.2727272727272727,0.43478260869565216,74.492,1.2415333333333334,2007,13,-0.2666666666666667,3.48698064554525,-0.13650075414781293,0,0.551969696969697,0.9317111111111113,0.7074615384615384,18.215,41.92700000000001,27.590999999999998,11.15,4.0
13_2008,0.0008848352299810536,60.0,0.2062780269058296,0.33093525179856115,64.004,1.391391304347826,2008,13,0.8181818181818181,-0.5221372779554905,0.46113537117903936,1,1.2415333333333334,0.551969696969697,0.9317111111111113,74.492,18.215,41.92700000000001,12.333333333333334,3.0
13_2009,0.0005279776888937356,46.0,0.30038022813688214,0.42702702702702705,95.31899999999999,1.2065696202531644,2009,13,-0.23333333333333328,-0.4033039474422364,0.10579796772265393,0,1.391391304347826,1.2415333333333334,0.551969696969697,64.004,74.492,18.215,14.604166666666666,5.0
13_2010,0.0002949511394141692,79.0,0.24567474048442905,0.3622448979591837,87.418,1.2312394366197184,2010,13,0.7173913043478262,-0.44135681181495323,0.09297297297297291,1,1.2065696202531644,1.391391304347826,1.2415333333333334,95.31899999999999,64.004,74.492,15.020833333333334,2.0
13_2011,0.0005316450565949956,71.0,0.26011560693641617,0.375,155.11499999999998,1.7234999999999998,2011,13,-0.10126582278481011,0.8024851765310925,0.185459940652819,0,1.2312394366197184,1.2065696202531644,1.391391304347826,87.418,95.31899999999999,64.004,17.295454545454547,5.0
13_2012,0.0002646911961340515,90.0,0.21428571428571427,0.3263598326359833,83.88700000000001,1.0754743589743592,2012,13,0.267605633802817,-0.502127983979936,0.052148518982060965,1,1.7234999999999998,1.2312394366197184,1.2065696202531644,155.11499999999998,87.418,95.31899999999999,20.75609756097561,8.0
13_2013,0.00040281735831302235,78.0,0.21674876847290642,0.34375,113.62100000000002,1.2911477272727276,2013,13,-0.1333333333333333,0.5218388982949684,0.12093576526566219,0,1.0754743589743592,1.7234999999999998,1.2312394366197184,83.88700000000001,155.11499999999998,87.418,24.916666666666668,9.0
13_2014,0.00032722423951860925,88.0,0.2534246575342466,0.4007220216606498,141.73899999999995,1.2769279279279275,2014,13,0.1282051282051282,-0.18766102610620616,0.11602405376724434,1,1.2911477272727276,1.0754743589743592,1.7234999999999998,113.62100000000002,83.88700000000001,155.11499999999998,26.857142857142858,13.0
13_2015,0.00033608164013056006,111.0,0.23541666666666666,0.36217948717948717,192.22199999999995,1.7010796460176987,2015,13,0.26136363636363646,0.02706829000498634,0.12107765451664032,1,1.2769279279279275,1.2911477272727276,1.0754743589743592,141.73899999999995,113.62100000000002,83.88700000000001,31.25,12.0
13_2016,0.00027793396099398915,113.0,0.23076923076923078,0.34310850439882695,164.43099999999998,1.4053931623931621,2016,13,0.018018018018018056,-0.17301652989428962,0.037319762510602095,0,1.7010796460176987,1.2769279279279275,1.2911477272727276,192.22199999999995,141.73899999999995,113.62100000000002,36.266666666666666,19.0
13_2017,0.00035816368604594276,117.0,0.2603448275862069,0.3963254593175853,260.5540000000001,1.7255231788079477,2017,13,0.03539823008849563,0.2886647056913234,0.07331698010357046,0,1.4053931623931621,1.7010796460176987,1.2769279279279275,164.43099999999998,192.22199999999995,141.73899999999995,39.666666666666664,25.0
13_2018,0.000162413548621515,151.0,0.2128,0.3316708229426434,0.0,0.0,2018,13,0.2905982905982907,-0.5465382032038789,0.06500761808024369,1,1.7255231788079477,1.4053931623931621,1.7010796460176987,260.5540000000001,164.43099999999998,192.22199999999995,45.57142857142857,19.0
14_2004,0.001081437380729595,46.0,0.2897727272727273,0.3953488372093023,29.99799999999999,0.5881960784313723,2004,14,0.4375,-0.361941424088559,0.16083916083916083,1,1.0224565217391306,0.94725,,47.03300000000001,30.312,,2.7079646017699117,5.0
14_2005,0.0013623662025196552,51.0,0.326271186440678,0.4425287356321839,71.04300000000002,0.9226363636363639,2005,14,0.10869565217391308,0.25977354472482794,0.17349397590361448,0,0.5881960784313723,1.0224565217391306,0.94725,29.99799999999999,47.03300000000001,30.312,3.1158536585365852,7.0
14_2006,0.00045611895464692324,77.0,0.2945205479452055,0.40186915887850466,41.311,0.48036046511627906,2006,14,0.5098039215686274,-0.665200917489479,0.3613963039014374,1,0.9226363636363639,0.5881960784313723,1.0224565217391306,71.04300000000002,29.99799999999999,47.03300000000001,3.050480769230769,4.0
14_2007,0.0010057671656546886,86.0,0.30851063829787234,0.4157706093189964,140.51099999999997,1.2113017241379307,2007,14,0.11688311688311681,1.2050545266930248,-0.13650075414781293,1,0.48036046511627906,0.9226363636363639,0.5881960784313723,41.311,71.04300000000002,29.99799999999999,3.0321637426900585,12.0
14_2008,0.0003437212141252637,116.0,0.23076923076923078,0.3289036544850498,97.78900000000002,0.987767676767677,2008,14,0.34883720930232553,-0.6582497163729504,0.46113537117903936,0,1.2113017241379307,0.48036046511627906,0.9226363636363639,140.51099999999997,41.311,71.04300000000002,2.984423676012461,3.0
14_2009,0.0005670271634983506,99.0,0.23790322580645162,0.35435435435435436,153.36999999999992,1.2997457627118638,2009,14,-0.14655172413793105,0.649671711248252,0.10579796772265393,0,0.987767676767677,1.2113017241379307,0.48036046511627906,97.78900000000002,140.51099999999997,41.311,3.205298013245033,7.0
14_2010,0.0003979796328178822,118.0,0.26102292768959434,0.4054794520547945,172.771,1.1673716216216214,2010,14,0.19191919191919182,-0.2981295104761945,0.09297297297297291,1,1.2997457627118638,0.987767676767677,1.2113017241379307,153.36999999999992,97.78900000000002,140.51099999999997,3.1815068493150687,11.0
14_2011,0.00029630096793283387,148.0,0.24132492113564669,0.36515513126491644,158.73499999999996,1.0374836601307187,2011,14,0.2542372881355932,-0.2554871066268285,0.185459940652819,1,1.1673716216216214,1.2997457627118638,0.987767676767677,172.771,153.36999999999992,97.78900000000002,3.1911764705882355,10.0
14_2012,0.0003527370871308815,153.0,0.25467625899280577,0.3702928870292887,198.50000000000006,1.1214689265536726,2012,14,0.03378378378378377,0.19046889921345334,0.052148518982060965,0,1.0374836601307187,1.1673716216216214,1.2997457627118638,158.73499999999996,172.771,153.36999999999992,3.453061224489796,14.0
14_2013,0.000257432911823429,177.0,0.25031446540880503,0.3761814744801512,153.64299999999994,0.7720753768844218,2013,14,0.15686274509803932,-0.27018473187110703,0.12093576526566219,1,1.1214689265536726,1.0374836601307187,1.1673716216216214,198.50000000000006,158.73499999999996,172.771,3.668122270742358,8.0
14_2014,0.00026651701560570057,199.0,0.2552255225522552,0.3815789473684211,263.47599999999994,1.1356724137931031,2014,14,0.12429378531073443,0.03528726656559855,0.11602405376724434,1,0.7720753768844218,1.1214689265536726,1.0374836601307187,153.64299999999994,198.50000000000006,158.73499999999996,3.669724770642202,18.0
14_2015,0.00026357718850167133,232.0,0.24127617148554337,0.35958395245170877,261.8249999999998,1.081921487603305,2015,14,0.16582914572864316,-0.011030541886220768,0.12107765451664032,1,1.1356724137931031,0.7720753768844218,1.1214689265536726,263.47599999999994,153.64299999999994,198.50000000000006,3.8730964467005076,11.0
14_2016,0.0002546481225068312,242.0,0.2237442922374429,0.34075104311543813,274.601,1.1208204081632653,2016,14,0.0431034482758621,-0.03387647484062728,0.037319762510602095,1,1.081921487603305,1.1356724137931031,0.7720753768844218,261.8249999999998,263.47599999999994,153.64299999999994,3.8157894736842106,28.0
14_2017,0.00021559564136365913,245.0,0.22857142857142856,0.3583662714097497,349.76199999999994,1.2858897058823526,2017,14,0.012396694214876103,-0.1533586062160126,0.07331698010357046,0,1.1208204081632653,1.081921487603305,1.1356724137931031,274.601,261.8249999999998,263.47599999999994,3.8870056497175143,24.0
14_2018,0.00022598648011318975,272.0,0.21536025336500395,0.34474017743979724,0.0,0.0,2018,14,0.11020408163265305,0.04819595926804343,0.06500761808024369,1,1.2858897058823526,1.1208204081632653,1.081921487603305,349.76199999999994,274.601,261.8249999999998,3.9447852760736195,29.0
